item_id,count
58,4588
11,3561
232,1549
941,1474
298,1365
185,1183
592,1107
591,1101
526,1046
220,1037
84,999
604,983
540,959
312,955
18,932
303,932
133,932
558,814
82,775
1008,772
305,717
17,715
14,707
437,677
327,670
574,663
317,661
970,661
234,654
1806,652
493,652
725,651
635,647
178,643
338,630
225,629
2426,628
1386,613
259,607
1223,607
1605,599
339,598
595,591
1733,581
685,576
284,559
187,558
568,552
1421,545
1707,539
718,539
748,537
1138,535
378,529
9,522
909,522
297,521
1053,521
240,520
1285,517
1341,511
2545,508
176,493
590,492
1089,489
341,486
1026,486
450,485
273,483
2120,481
560,479
318,476
114,476
73,472
498,463
1411,461
829,459
299,457
200,454
1235,452
70,438
293,437
218,437
2694,433
632,427
379,424
1141,424
638,423
426,417
250,416
1767,414
316,404
662,401
1416,401
145,398
1084,397
1894,395
1604,394
117,392
198,391
1571,390
310,387
283,387
1901,386
1775,385
1487,384
2102,384
459,381
812,378
2347,372
633,372
1395,369
1207,366
1450,365
325,365
1102,355
336,349
171,348
337,348
54,347
211,342
617,342
1452,341
475,340
1268,339
2779,336
1224,335
1884,335
64,335
7,333
742,331
106,329
616,326
175,325
1811,323
443,323
401,323
988,323
291,322
12,322
2428,322
1052,321
990,320
2969,319
447,319
1434,317
1206,314
241,314
1766,314
548,313
962,312
794,311
289,310
1281,310
1040,307
4144,307
2409,306
2633,306
59,305
1060,305
292,305
2450,304
331,304
797,303
342,303
894,302
147,301
546,299
382,298
1818,295
1502,294
2174,293
480,292
1136,291
155,291
1255,290
56,289
2384,288
792,287
2028,287
1626,285
772,285
1746,283
326,283
5410,283
2547,283
805,282
243,281
689,277
537,276
1726,275
1595,273
2111,273
1291,273
550,272
3192,272
1361,272
238,268
1760,266
2229,266
394,265
69,264
597,264
2107,263
2117,263
738,262
328,260
63,259
835,257
173,257
214,256
657,256
1111,253
143,253
1666,252
2648,252
1390,251
2109,251
351,251
217,250
334,250
91,248
2004,246
1782,245
1816,245
1087,243
406,242
1070,242
1882,241
2145,240
619,238
2261,238
2136,237
736,237
1590,234
3268,233
605,233
2578,233
295,232
678,232
544,231
449,231
3238,231
352,231
602,230
1597,229
3745,229
3,229
1076,228
2178,228
851,227
2131,227
1922,227
506,226
2252,226
353,225
700,225
2554,225
1963,225
2453,225
71,224
461,224
2568,222
1126,222
2752,221
612,221
166,221
3153,220
1415,219
2570,218
979,218
1414,217
1306,217
1342,217
471,217
1279,215
2226,215
1083,215
93,215
4015,215
101,214
1054,214
242,212
626,212
290,212
1677,212
215,212
422,211
42,211
1957,211
543,211
1879,211
2076,210
1237,210
2627,209
189,209
2143,209
1671,208
300,207
2541,207
1974,207
732,207
2016,206
411,206
346,205
75,205
1323,205
1964,205
231,204
2414,204
221,204
2223,203
448,202
1006,202
936,202
80,200
566,200
2869,199
1195,198
771,198
2876,198
313,197
4577,196
1835,195
676,195
135,195
1063,195
2887,195
1722,194
403,194
2441,194
3846,194
749,193
758,193
1519,193
4475,193
360,192
1776,192
5578,192
2301,192
1758,192
1916,191
235,190
1243,189
472,186
2228,186
2904,186
852,186
803,184
2132,184
1446,183
2002,183
2020,182
5061,182
1788,182
329,181
2127,181
530,181
4016,181
593,181
1280,181
2705,180
795,180
688,180
1701,179
1724,179
344,179
2634,178
1757,178
556,177
2019,177
4032,177
1800,177
2171,177
2367,176
1311,176
881,176
348,176
813,176
3090,175
1034,174
1308,174
3323,174
1603,174
1570,173
164,173
2564,173
2144,173
119,172
3012,172
2026,171
1492,171
2454,170
3262,170
248,170
1058,170
4392,170
1468,170
3516,169
2173,169
3225,169
504,169
1278,169
4199,168
2207,168
1860,168
245,168
1952,167
445,167
3902,167
1248,167
274,167
1601,167
68,166
4133,166
3254,166
375,165
96,165
1606,165
308,165
2345,165
1113,164
1154,164
254,164
1016,164
4411,164
1548,163
429,163
1316,163
61,163
945,163
2624,163
1714,162
1883,162
1675,162
404,162
228,162
2118,161
824,161
1759,161
949,161
992,161
983,161
1320,160
1,160
1263,160
596,160
2964,159
3985,159
628,159
645,159
263,159
150,158
2300,157
705,157
917,157
660,157
1667,157
2352,156
4554,156
679,155
694,155
1857,155
1499,155
775,155
1238,155
2834,154
937,154
1049,154
722,154
3445,154
1865,154
207,154
2438,153
1211,153
1318,153
575,151
1199,151
2715,151
381,151
2770,151
1719,151
430,151
1792,151
252,151
4024,150
1593,150
3571,150
2503,150
624,150
222,150
380,150
458,149
1892,149
1429,149
1866,149
511,149
2870,148
3520,148
1648,148
2602,148
27,148
2901,148
599,148
639,148
2219,148
210,147
2234,147
2116,147
356,147
871,146
2591,146
15,146
1296,145
524,145
2162,145
1885,145
4301,144
1358,144
3469,144
258,144
3972,144
615,144
83,144
182,144
600,143
3102,143
81,143
1295,143
1428,143
667,143
2147,143
111,142
3810,142
2680,142
2472,142
2034,142
1064,142
663,142
335,142
2976,141
3075,141
4877,141
1584,141
2101,141
468,140
130,140
2974,140
2831,140
587,140
756,140
136,139
2772,139
4956,139
817,139
128,139
1526,139
1825,139
3052,139
901,139
2098,139
1204,138
3291,138
773,138
2225,138
2321,138
1552,138
1781,138
4027,137
1264,137
3814,137
2214,137
415,137
1739,137
1424,137
3553,137
2828,136
4969,136
190,136
1576,136
3439,136
60,135
2487,135
2135,135
2133,135
951,135
3404,135
3078,135
2293,135
2946,134
4617,134
509,134
2128,133
2885,133
1937,133
275,133
1453,132
4150,132
347,132
3356,132
261,132
2330,132
1121,132
1960,132
432,131
6147,131
2258,131
1157,131
2088,131
2039,131
798,131
1917,131
251,131
2222,131
5833,131
2006,130
1692,130
370,130
2606,130
582,130
2436,130
2950,129
3002,129
1355,129
281,129
541,129
2198,128
62,128
3055,128
5888,128
1673,128
838,127
4448,127
1035,127
123,127
3427,127
668,126
2840,126
1770,126
2393,126
752,126
683,126
5244,126
1201,126
1983,126
74,125
2067,125
947,125
2451,125
3799,124
1750,124
402,124
188,124
3257,124
3109,124
2150,124
4685,124
1430,124
1072,124
2681,123
203,123
1956,123
2872,123
644,123
486,123
1611,123
1418,123
980,123
3825,123
78,123
799,123
7375,122
759,122
237,122
398,122
3504,122
2064,122
963,122
975,122
6366,122
2960,122
1630,122
1624,121
2007,121
3298,121
366,121
1996,121
1607,121
2758,121
744,121
392,121
3392,120
1796,120
4641,120
57,119
2255,119
277,119
131,119
1074,119
1680,119
1720,118
1368,118
3393,118
1159,118
5717,118
2902,118
3114,118
1073,118
3263,118
1844,118
1305,117
507,117
3166,117
374,117
3661,117
1328,117
2903,116
1010,116
784,116
3567,116
2475,116
902,116
1912,116
6203,115
2095,115
1033,115
6341,115
477,115
646,114
1110,114
368,114
230,114
643,114
423,114
125,114
1438,114
5214,114
1310,113
4219,113
890,113
2515,113
2854,113
913,113
439,113
2041,113
2021,113
3530,112
112,112
745,112
512,112
1134,112
6120,112
622,112
4245,112
3565,112
1975,112
2010,112
4991,112
2344,112
3400,112
3030,111
1217,111
2231,111
2203,111
2190,111
4276,111
2864,111
1536,111
2326,111
1236,111
3525,111
708,111
731,111
4371,111
1537,111
562,111
1737,110
3988,110
4185,110
5102,110
2736,110
94,110
256,110
2071,110
2407,110
1262,110
2911,110
43,110
4914,110
5719,109
1114,109
4839,109
3619,109
3479,109
236,109
1950,109
2708,109
88,109
2853,108
2888,108
2358,108
1997,108
120,108
5678,108
4920,108
5809,108
1769,108
739,107
1261,107
2391,107
5832,107
2937,107
1744,107
2697,107
2130,107
1353,106
717,106
1393,106
5258,106
385,106
2350,106
1842,106
272,106
2169,105
1789,105
322,105
2375,105
505,105
488,105
1364,105
3706,105
2291,105
3771,105
1535,105
2482,104
386,104
4391,104
1273,104
801,104
3250,104
2673,104
4713,104
2967,104
4339,104
2031,104
2924,103
2814,103
2886,103
1365,103
2399,103
2103,103
1928,103
2594,102
5389,102
500,102
103,102
1455,102
6772,102
4517,102
2062,101
3355,101
2601,101
4036,101
3031,101
2378,101
1621,101
2557,101
5829,101
4737,101
2819,101
3026,101
3084,101
741,101
889,100
3139,100
846,100
349,100
1219,100
2122,100
4081,100
1864,100
952,100
3085,100
148,100
1012,100
3111,100
3047,100
4778,100
2141,100
551,99
4039,99
754,99
2674,99
769,99
2523,99
1778,99
2765,99
703,99
1251,99
4618,99
2242,98
2522,98
89,98
961,98
1075,98
2873,98
4450,98
1439,98
2106,98
2505,97
3046,97
362,97
2093,97
916,97
3588,97
3673,97
8,97
4445,96
816,96
1969,96
1734,96
3374,96
315,96
3361,96
3385,96
3430,96
4167,96
2466,96
186,96
2908,96
3009,96
857,95
5814,95
314,95
907,95
5263,95
48,95
421,95
4882,95
886,95
2439,95
642,95
1560,95
294,94
3357,94
3051,94
861,94
2012,94
2787,94
510,94
4251,94
609,94
4097,93
4579,93
333,93
393,93
3845,93
2838,93
984,93
3150,93
3992,93
1277,93
2410,93
34,93
1299,92
2899,92
2644,92
4865,92
5376,92
8499,92
1031,92
3916,92
2381,92
3720,92
7098,92
1080,92
5083,92
4421,92
3104,92
4419,92
2202,92
1905,92
2604,91
255,91
497,91
4922,91
1161,91
5623,91
2952,91
4902,91
2091,91
5483,91
1171,91
3067,91
2575,91
1812,91
882,91
1407,91
1130,91
4324,91
183,91
3515,91
2126,90
1057,90
1850,90
2167,90
5591,90
684,90
1528,90
2692,90
1051,90
1287,90
2030,90
1625,90
1081,89
2666,89
1191,89
790,89
2807,89
1218,89
2175,89
4231,89
3841,89
2827,89
935,89
4657,89
933,89
2641,89
2607,89
1317,89
3397,89
1145,88
2235,88
875,88
6117,88
1435,88
2121,88
3842,88
2302,88
561,88
4089,88
2718,88
2250,88
1155,88
2257,88
4845,88
3590,88
996,88
457,88
1107,88
2134,87
520,87
6830,87
1133,87
819,87
2478,87
3116,87
8112,87
1903,87
3185,87
3029,87
2146,87
3503,87
3107,87
2374,87
2544,87
1190,87
1321,87
1727,87
1699,87
6425,86
1298,86
730,86
3670,86
142,86
2922,86
2105,86
6793,86
5899,86
2500,86
2975,86
4953,86
4030,86
2063,85
6978,85
2661,85
2290,85
172,85
3732,85
2033,85
870,85
777,85
2315,85
2463,85
1408,85
581,85
539,85
1244,85
757,85
1373,84
2364,84
2829,84
4807,84
4640,84
3159,84
1493,84
2940,84
5292,84
804,84
1410,84
1971,84
410,84
3467,84
864,84
1288,84
1004,84
2351,84
1482,84
1691,84
5965,84
3017,84
5812,84
4343,84
2562,84
2723,83
309,83
2650,83
3866,83
1953,83
3101,83
675,83
3776,83
4206,83
3570,83
2186,83
1256,83
6757,83
3616,83
3384,83
2806,83
2804,82
474,82
714,82
5067,82
2762,82
808,82
1082,82
1259,82
3857,82
1985,82
3838,82
427,82
462,82
306,82
1383,82
1679,82
2200,82
1762,82
3010,82
589,82
138,81
4141,81
146,81
177,81
109,81
3802,81
2047,81
839,81
7747,81
1740,80
3815,80
1830,80
3701,80
2260,80
6490,80
2452,80
4187,80
1725,80
5020,80
3480,80
5893,80
968,80
1772,80
4512,80
2385,80
4694,79
854,79
4656,79
1556,79
2614,79
1294,79
485,79
7258,79
779,79
4181,79
3112,79
2168,79
3456,79
3762,79
557,79
4479,79
3849,79
5430,79
1029,79
656,79
1372,79
1426,79
4139,79
8255,78
2816,78
2137,78
5167,78
3391,78
3177,78
1970,78
1853,78
2357,78
1283,78
1784,78
1748,78
4412,78
1973,78
5303,78
1962,78
6022,78
219,78
2176,78
4285,78
1023,78
4537,78
976,78
3917,78
5058,77
2124,77
55,77
1841,77
747,77
2917,77
3713,77
2649,77
733,77
3481,77
770,77
2323,77
631,77
4042,77
6729,77
473,77
3939,77
3746,77
1506,77
1042,77
3618,77
469,77
384,77
4017,77
5484,77
1855,77
5639,77
4153,77
5215,77
3635,76
1276,76
4809,76
3460,76
3147,76
1641,76
3455,76
405,76
6227,76
1531,76
6822,76
815,76
4354,76
2086,76
110,76
1098,76
1652,76
6326,76
2536,76
4049,76
1484,75
4994,75
4200,75
3016,75
285,75
8851,75
2424,75
5507,75
3477,75
5498,75
858,75
369,75
3449,75
3441,75
4840,75
1988,75
5746,75
3704,75
168,75
3740,75
4366,75
3260,74
508,74
76,74
577,74
578,74
1106,74
743,74
1398,74
721,74
3068,74
377,74
2689,74
726,74
4996,74
1612,74
3683,74
5126,74
3651,74
2418,73
1270,73
5245,73
2847,73
2404,73
802,73
1961,73
4007,73
930,73
4854,73
4775,73
4958,73
969,73
5883,73
1137,73
4117,73
149,73
2140,73
3620,73
1565,73
3529,73
1684,73
7540,73
304,73
1252,73
1510,72
4279,72
1515,72
2977,72
5611,72
1056,72
7979,72
6201,72
2839,72
1097,72
4682,72
2669,72
321,72
174,72
5691,72
373,72
5593,72
5734,72
4921,72
1271,72
2743,72
1324,72
1764,72
7619,72
1464,72
2183,72
2165,72
5415,72
2462,72
1119,72
5904,72
3465,72
2719,71
7115,71
5312,71
463,71
1196,71
2005,71
5266,71
2948,71
4783,71
720,71
51,71
4458,71
1683,71
3405,71
105,71
4021,71
1451,71
1128,71
3037,71
8538,71
233,71
266,71
1391,71
545,70
5492,70
5703,70
4280,70
2685,70
7232,70
4453,70
1599,70
3295,70
4467,70
3406,70
762,70
2055,70
1805,70
6032,70
3647,70
5230,70
139,69
876,69
1629,69
502,69
1550,69
6412,69
2045,69
6,69
3314,69
2368,69
6302,69
2210,69
2774,69
3478,69
2671,69
5532,69
2099,69
872,69
1650,69
95,69
3032,69
1225,69
766,69
904,69
1786,69
2268,69
2560,69
4790,69
5095,68
2390,68
1471,68
4260,68
2281,68
1977,68
279,68
3014,68
7320,68
4511,68
4240,68
3082,68
2542,68
1162,68
650,68
793,68
482,68
1998,68
3686,68
3389,68
1420,68
1392,68
1059,68
3023,68
4594,68
6239,68
387,68
3233,68
3371,68
2405,67
580,67
6128,67
1461,67
1929,67
5500,67
3208,67
2953,67
1164,67
1713,67
1888,67
1046,67
2110,67
1032,67
4507,67
5226,67
4114,67
3184,67
2262,67
470,67
2042,67
1993,67
4505,67
6790,66
4277,66
789,66
5686,66
3973,66
2408,66
16,66
4213,66
1848,66
4432,66
1231,66
4079,66
1635,66
4307,66
2928,66
3354,66
4468,66
6788,66
3830,66
2745,66
4843,66
1820,66
3110,66
2119,66
680,66
1632,66
1465,66
1613,66
4755,66
5257,65
2566,65
5464,65
1716,65
2907,65
3482,65
2008,65
1813,65
3019,65
2930,65
627,65
5290,65
778,65
2489,65
2801,65
2100,65
4262,65
2569,65
2025,65
5221,65
943,65
2377,65
7226,65
1293,65
8336,65
2881,65
3827,65
2069,65
8105,64
1467,64
4540,64
1205,64
1538,64
1215,64
2087,64
3607,64
4465,64
2642,64
6338,64
6487,64
1274,64
1689,64
223,64
3599,64
1403,64
538,64
239,64
1638,64
6308,64
1325,64
7265,64
2725,64
1210,64
6390,64
2023,63
3769,63
5274,63
547,63
774,63
5712,63
3401,63
2154,63
844,63
424,63
5364,63
1143,63
3510,63
6321,63
9672,63
2700,63
2205,63
7197,63
2549,63
179,63
2865,63
5912,63
2526,63
4606,63
4970,63
2659,63
6033,63
4295,63
1992,63
2756,63
361,63
4077,62
7205,62
39,62
2413,62
1523,62
927,62
2643,62
2744,62
6658,62
4593,62
301,62
3027,62
2824,62
4085,62
2525,62
1524,62
1085,62
156,62
755,62
7338,62
4136,62
3175,62
2675,62
1385,62
1558,62
2437,62
8132,62
1275,62
2486,62
3202,62
77,61
3386,61
572,61
2748,61
6646,61
699,61
2973,61
134,61
855,61
1213,61
2319,61
814,61
7687,61
7110,61
2729,61
1405,61
6837,61
3498,61
3399,61
2024,61
5127,61
2833,61
3871,61
5499,61
5666,61
1289,60
3287,60
811,60
1875,60
5088,60
4684,60
1326,60
197,60
2693,60
2379,60
6030,60
4912,60
3575,60
2710,60
2938,60
2628,60
307,60
1282,60
3305,60
3875,60
672,60
5300,60
6183,60
1062,60
1066,60
4062,60
2148,60
7046,60
4486,59
3961,59
4131,59
4054,59
5141,59
7123,59
6061,59
4622,59
1678,59
3326,59
3123,59
6727,59
5597,59
6330,59
1109,59
6139,59
2233,59
3766,59
3737,59
5255,59
1297,59
2713,59
6401,59
939,59
4687,59
1566,59
3115,59
2014,59
4710,59
973,58
2317,58
879,58
1216,58
2050,58
4140,58
719,58
1037,58
7502,58
6253,58
3142,58
702,58
2577,58
7266,58
3244,58
2845,58
3729,58
1555,58
3164,58
1427,58
1872,58
4006,58
4638,58
3576,58
666,58
4672,57
5872,57
6728,57
4715,57
6377,57
4130,57
1656,57
716,57
5671,57
3315,57
1258,57
842,57
1009,57
2711,57
1362,57
1602,57
7898,57
2935,57
4526,57
3564,57
2626,57
2709,57
2989,57
603,57
1172,57
1968,57
830,57
8015,57
4183,57
7048,57
1771,57
5663,57
2471,57
4895,57
1902,57
2858,57
6397,57
5001,57
2464,57
5575,57
8613,57
2040,57
6767,57
6433,56
195,56
23,56
3330,56
780,56
1165,56
3963,56
2382,56
3763,56
690,56
4896,56
6796,56
2732,56
2687,56
6112,56
6774,56
5070,56
3098,56
4304,56
796,56
3968,56
6696,56
7255,56
2318,56
776,56
3631,56
4050,56
3081,56
1214,56
6739,56
3848,56
1265,56
5089,56
1840,56
3243,56
1906,56
782,55
5596,55
4215,55
163,55
3666,55
1351,55
3613,55
2253,55
8268,55
967,55
1000,55
7017,55
2556,55
1292,55
5601,55
1222,55
3637,55
4225,55
3003,55
395,55
1926,55
4060,55
2852,55
1149,55
7302,55
6367,55
2654,55
1497,55
1151,55
4312,54
5432,54
4220,54
1642,54
6446,54
3451,54
5205,54
1828,54
2561,54
98,54
4120,54
3025,54
3727,54
6199,54
1851,54
874,54
5080,54
288,54
7533,54
4162,54
4380,54
1454,54
1019,54
3792,54
487,54
3993,54
1979,54
681,54
692,54
8056,54
1186,54
2236,54
4763,54
2676,54
3675,54
2778,54
4965,54
2511,54
4615,53
4973,53
713,53
2906,53
2895,53
2123,53
4739,53
6105,53
2481,53
2285,53
740,53
5711,53
9806,53
6231,53
989,53
229,53
1615,53
6742,53
1503,53
1791,53
5463,53
6219,53
2812,53
2493,53
4774,53
4431,53
4492,53
867,53
208,53
7239,53
4493,53
1457,53
1544,53
2755,53
1028,53
3573,53
7145,53
1091,52
3644,52
3089,52
1685,52
8024,52
1532,52
4435,52
4067,52
7285,52
1021,52
3716,52
1212,52
5495,52
4891,52
3598,52
2267,52
3990,52
5331,52
9807,52
1050,52
3157,52
2534,52
1637,52
3940,52
1014,52
728,52
7072,52
4236,52
3772,52
1038,52
7656,52
6178,52
4400,52
2313,52
2164,52
4055,52
1636,52
1400,52
2277,52
641,52
4523,52
2621,52
2199,52
853,51
6609,51
2712,51
7487,51
2256,51
4456,51
621,51
2763,51
4679,51
7669,51
3532,51
3231,51
6892,51
4281,51
5861,51
1007,51
7277,51
1994,51
3901,51
919,51
1367,51
345,51
3428,51
5828,51
1530,51
4446,51
6106,51
5588,51
3832,51
4729,51
2841,51
311,51
1732,51
2376,51
8170,51
3353,51
1148,51
6500,51
2304,51
3664,51
5563,51
3943,51
1517,51
9190,51
5916,51
332,50
1477,50
4273,50
3468,50
4305,50
3645,50
4829,50
2051,50
840,50
1078,50
6990,50
571,50
3020,50
1887,50
7710,50
3804,50
6761,50
2459,50
7011,50
5676,50
711,50
4358,50
1949,50
3277,50
899,50
7931,50
1379,50
4103,50
1938,50
2361,50
6426,50
2813,50
6831,50
8001,50
2387,50
1547,50
5064,50
503,50
3922,50
4405,50
4779,50
1553,50
822,50
6427,50
4084,50
3056,50
6649,49
5166,49
3996,49
6541,49
1790,49
4600,49
1108,49
1332,49
407,49
3483,49
3791,49
2346,49
1132,49
2266,49
934,49
5137,49
4823,49
1250,49
6096,49
2371,49
6983,49
6671,49
6346,49
2392,49
2780,49
6283,49
3151,49
9330,49
687,49
1698,49
4981,49
1241,49
4742,49
4204,49
7855,49
5366,49
2698,49
3809,49
3724,49
7725,49
878,48
1233,48
3803,48
1180,48
6784,48
2380,48
2579,48
465,48
2927,48
2001,48
2460,48
4063,48
3509,48
1220,48
7623,48
1030,48
4463,48
1363,48
860,48
1135,48
7667,48
2373,48
4269,48
1401,48
1681,48
4266,48
3018,48
4794,48
3698,48
6172,48
8709,48
2837,48
3822,48
4047,48
2394,48
4051,48
3050,48
4567,48
5680,48
1099,48
5439,48
2193,48
1640,48
5395,47
371,47
2172,47
1829,47
2484,47
2491,47
2585,47
5801,47
1856,47
3149,47
6641,47
3759,47
7220,47
555,47
1018,47
8217,47
3251,47
1150,47
837,47
7091,47
1406,47
5695,47
3113,47
26,47
6538,47
4562,47
4683,47
5052,47
6136,47
1904,47
169,47
3991,47
3232,47
6100,47
994,47
7252,47
4565,47
3174,47
4943,47
1242,47
4178,47
3671,47
5724,47
4201,47
2867,47
6616,47
610,47
7727,47
4321,47
865,47
1897,47
7707,46
1449,46
6564,46
4414,46
6506,46
3281,46
3541,46
6351,46
2059,46
623,46
1911,46
8307,46
2191,46
1574,46
3630,46
3407,46
1077,46
1777,46
4182,46
1688,46
7537,46
4700,46
5225,46
5138,46
3196,46
2785,46
6363,46
5087,46
6050,46
3140,46
2427,46
2677,46
4692,46
2251,46
4222,46
5855,46
1466,46
2158,46
3266,46
966,46
8863,46
5648,46
3228,46
1700,46
7298,46
3087,46
6121,46
5721,46
2442,46
1253,46
157,46
5170,45
2170,45
4598,45
1504,45
2224,45
6340,45
1990,45
2651,45
2531,45
709,45
2180,45
7663,45
6607,45
5104,45
3768,45
5987,45
2678,45
4589,45
3440,45
977,45
3176,45
2722,45
1124,45
931,45
7025,45
7044,45
4360,45
3028,45
2129,45
4665,45
1639,45
408,45
4361,45
8734,45
2216,45
4851,45
1309,45
9159,45
7002,45
7323,45
6214,45
1005,45
3574,45
2537,45
6722,45
891,45
3423,45
5624,45
5877,44
7274,44
2400,44
196,44
5635,44
47,44
1175,44
5634,44
6098,44
1765,44
982,44
4810,44
409,44
1780,44
3693,44
3324,44
986,44
2771,44
2796,44
7182,44
1896,44
4861,44
7731,44
6080,44
5502,44
7314,44
5754,44
4702,44
4515,44
3987,44
28,44
5081,44
7414,44
4363,44
419,44
8974,43
806,43
3206,43
3586,43
2929,43
897,43
5818,43
2658,43
4792,43
2370,43
37,43
7945,43
1546,43
3831,43
4558,43
2324,43
5549,43
648,43
280,43
6955,43
5465,43
2580,43
5892,43
5674,43
5545,43
1369,43
4298,43
7179,43
4009,43
3340,43
5285,43
108,43
4299,43
1948,43
6222,43
2791,43
8488,43
86,43
3582,43
674,43
44,43
3433,43
9243,43
2623,43
9595,43
1419,43
5941,43
6213,43
5062,43
2125,43
1202,43
478,43
1284,43
3033,43
2015,43
6164,43
6322,43
3726,43
535,43
4194,43
4928,43
2053,43
2497,42
2501,42
9169,42
2855,42
7243,42
8138,42
4806,42
3568,42
4406,42
7013,42
1662,42
4734,42
9413,42
1319,42
6336,42
10956,42
6448,42
6503,42
1360,42
4612,42
7379,42
1178,42
3986,42
7588,42
2696,42
5074,42
3979,42
3210,42
1529,42
4927,42
1286,42
3811,42
1490,42
5726,42
4457,42
5653,42
2308,42
6651,42
5917,42
4630,42
3918,42
5108,42
1694,42
2764,42
6388,42
3621,42
3156,42
4574,42
4437,42
4664,42
3129,41
5163,41
4890,41
6992,41
2078,41
5168,41
2138,41
3820,41
1951,41
1653,41
573,41
4607,41
5291,41
5116,41
2166,41
340,41
3128,41
3608,41
670,41
5466,41
8166,41
3669,41
2458,41
1193,41
3892,41
727,41
2550,41
5051,41
3628,41
2882,41
3398,41
5632,41
2598,41
1404,41
9714,41
6688,41
3971,41
3378,41
4852,41
1123,41
7129,41
531,41
2433,41
441,41
2013,41
1025,41
6123,41
3286,41
2366,41
3431,41
4429,41
4989,41
5858,41
2919,41
3550,41
1375,41
2739,41
5040,41
350,41
5519,41
3592,41
4985,41
5165,41
7031,41
3013,41
4717,41
3915,41
4815,41
3276,41
3373,41
5486,41
3689,41
517,41
4835,40
6694,40
4669,40
4177,40
2629,40
4736,40
4860,40
5293,40
2663,40
1958,40
1245,40
8692,40
7120,40
3063,40
1198,40
2244,40
3205,40
7913,40
53,40
8886,40
3513,40
359,40
735,40
4025,40
199,40
888,40
677,40
1589,40
7955,40
5665,40
3556,40
767,40
6853,40
4498,40
8243,40
4708,40
5047,40
107,40
4588,40
981,40
4924,40
2590,40
9041,40
3757,40
4208,40
2880,40
3452,40
3264,40
7201,40
1686,40
3252,40
4151,40
7037,40
2018,40
1768,40
5250,40
416,40
72,40
2884,40
1197,40
3834,40
6173,40
3170,40
1863,40
9020,40
6662,39
6612,39
2477,39
6269,39
8403,39
4703,39
6568,39
3432,39
3805,39
5854,39
5434,39
1542,39
7629,39
5253,39
2406,39
6314,39
8921,39
3903,39
5470,39
3035,39
5633,39
892,39
3960,39
5407,39
3938,39
79,39
4625,39
1371,39
11357,39
412,39
9862,39
5346,39
3297,39
152,39
4192,39
5402,39
6083,39
6623,39
6895,39
6997,39
5774,39
1696,39
1071,39
2142,39
2161,39
9431,39
3395,39
6839,39
4344,39
7164,39
3807,39
116,39
2926,39
7192,39
6156,39
5107,39
3360,39
3743,38
2665,38
3730,38
7705,38
8070,38
4418,38
6991,38
1628,38
5670,38
2859,38
8397,38
6832,38
7352,38
7135,38
2939,38
4481,38
3342,38
2619,38
6815,38
4193,38
7585,38
6943,38
6343,38
4632,38
8342,38
1859,38
1978,38
4436,38
4570,38
3511,38
4126,38
7262,38
4972,38
6200,38
3416,38
4831,38
4349,38
4955,38
5110,38
4290,38
5850,38
9337,38
1518,38
4697,38
4415,38
6405,38
4957,38
4247,38
4643,38
7012,38
6057,38
4933,38
3934,38
3021,38
5480,38
3539,38
5758,38
4945,38
2635,38
3983,38
287,38
1514,38
2794,38
8681,38
3953,37
3285,37
4757,37
282,37
4449,37
4609,37
4833,37
4249,37
6711,37
3998,37
8402,37
8607,37
7223,37
2788,37
4846,37
4330,37
634,37
2316,37
2701,37
5681,37
2035,37
8939,37
3572,37
8739,37
5390,37
2944,37
955,37
5618,37
3426,37
6210,37
286,37
4506,37
1125,37
6273,37
5579,37
7872,37
4738,37
2112,37
92,37
4482,37
7496,37
928,37
2966,37
3580,37
5485,37
3870,37
5940,37
4674,37
2297,37
831,37
7144,37
4864,37
4038,37
3137,37
5071,37
4253,37
3921,37
9046,37
9432,37
1160,37
9838,37
3168,37
5276,37
1183,37
7583,37
7053,37
6560,37
1139,37
3923,37
585,37
7474,37
124,36
2945,36
2314,36
4121,36
7308,36
4218,36
213,36
2959,36
3496,36
4681,36
33,36
5781,36
7438,36
3812,36
4046,36
6043,36
5961,36
2997,36
5985,36
3413,36
7759,36
3826,36
5418,36
2980,36
268,36
5506,36
2259,36
4398,36
3289,36
3948,36
4080,36
3162,36
5969,36
6262,36
1843,36
7831,36
2630,36
6763,36
1117,36
2724,36
7712,36
3097,36
4235,36
5343,36
1412,36
4931,36
2155,36
5696,36
3366,36
6614,36
3843,36
2331,36
8000,36
3148,36
6823,36
6153,36
7919,36
6542,36
4948,36
3793,36
3723,36
6634,36
7563,36
3375,36
800,36
4143,36
2848,36
5668,36
4110,36
4543,36
4946,36
5405,36
6628,36
4871,36
850,36
5566,36
2679,36
5288,35
4113,35
7806,35
5339,35
4538,35
6617,35
1366,35
5320,35
3676,35
4350,35
5201,35
5944,35
372,35
4936,35
1609,35
7612,35
1941,35
2506,35
2218,35
3172,35
8419,35
4282,35
7304,35
7999,35
1511,35
2684,35
8908,35
7933,35
9434,35
4503,35
3605,35
6018,35
922,35
479,35
7259,35
3234,35
3138,35
4858,35
5725,35
2340,35
2757,35
1456,35
3657,35
1797,35
821,35
950,35
611,35
6495,35
905,35
3065,35
2961,35
2325,35
4026,35
1572,35
5421,35
4661,35
9183,35
8784,35
2469,35
1179,35
4837,35
8659,35
3127,35
1787,35
5057,35
8648,35
4746,35
4224,35
9922,35
5275,35
5569,35
376,35
1730,35
4040,35
2811,35
2574,34
4019,34
6339,34
2742,34
2011,34
4496,34
1838,34
4157,34
6753,34
4758,34
1094,34
2395,34
5557,34
3502,34
3163,34
1554,34
3121,34
2488,34
38,34
4587,34
3339,34
6145,34
2275,34
723,34
7283,34
4576,34
940,34
1741,34
7345,34
4495,34
4356,34
2416,34
4602,34
3920,34
4090,34
5131,34
3873,34
764,34
1966,34
2037,34
8590,34
4099,34
3780,34
1876,34
3074,34
5535,34
6558,34
3091,34
3672,34
6010,34
5077,34
6597,34
2546,34
965,34
3912,34
2499,34
3537,34
1751,34
8684,34
3813,34
7726,34
2682,34
856,34
3522,34
6692,34
5322,34
5338,34
6680,34
2209,34
5179,34
4907,34
2720,34
3077,34
1169,33
3435,33
9034,33
4472,33
5586,33
5397,33
6535,33
1339,33
6265,33
3893,33
3833,33
6471,33
3226,33
900,33
7165,33
3877,33
4535,33
1717,33
6499,33
673,33
8205,33
4502,33
3183,33
5231,33
1674,33
7422,33
1043,33
4504,33
3383,33
5822,33
3715,33
5901,33
7359,33
7321,33
4135,33
8756,33
2878,33
2597,33
1585,33
8244,33
4322,33
2362,33
365,33
4427,33
3167,33
3471,33
1399,33
1527,33
998,33
1208,33
4724,33
1783,33
3558,33
414,33
1543,33
4048,33
5066,33
4171,33
953,33
5788,33
4673,33
532,33
3895,33
5010,33
4597,33
4651,33
5142,33
4278,33
3914,33
8814,33
7149,33
3470,33
2480,33
3453,33
1669,33
2925,33
911,33
4749,33
1721,33
2646,33
6205,33
6437,33
3523,33
2108,33
1687,33
7829,33
4221,33
704,33
7299,33
1573,33
6462,33
7783,33
4756,33
4477,33
5570,33
2264,33
3519,33
1728,33
3048,33
2786,33
7278,32
9828,32
2386,32
5806,32
2920,32
158,32
2559,32
4320,32
7413,32
2157,32
4362,32
5637,32
614,32
2868,32
4179,32
7956,32
32,32
1533,32
4568,32
8956,32
1496,32
826,32
302,32
4413,32
2993,32
115,32
1919,32
5090,32
6935,32
6676,32
2247,32
9066,32
5372,32
3859,32
492,32
9071,32
2336,32
8953,32
5704,32
5764,32
791,32
6309,32
4797,32
2664,32
10629,32
2139,32
3881,32
3459,32
4677,32
518,32
10414,32
5886,32
216,32
8137,32
7751,32
249,32
3363,32
7138,32
7427,32
5217,32
1773,32
1588,32
3429,32
5039,32
1899,32
3696,32
5769,32
2657,32
1440,32
2083,32
5482,32
6104,32
3753,32
2879,32
7082,32
729,32
6736,32
1061,32
8525,31
6461,31
5831,31
3190,31
3181,31
5947,31
6281,31
9632,31
4550,31
1832,31
5404,31
1359,31
6372,31
4284,31
3410,31
9633,31
6834,31
4668,31
4804,31
4937,31
2717,31
1044,31
5572,31
8664,31
4328,31
8834,31
1436,31
4173,31
5494,31
4447,31
4367,31
4264,31
9588,31
4795,31
4561,31
100,31
9407,31
7279,31
8446,31
4031,31
7058,31
5675,31
2265,31
4836,31
6393,31
3739,31
2638,31
7107,31
6801,31
452,31
6184,31
7416,31
6304,31
3544,31
1644,31
5272,31
4241,31
6216,31
964,31
397,31
2444,31
8150,31
6297,31
8373,31
3224,31
4198,31
4967,31
3507,31
3474,31
1965,31
4444,31
2640,31
4180,31
5065,30
7600,30
206,30
7890,30
3265,30
9737,30
2934,30
7030,30
2080,30
3229,30
5004,30
971,30
6993,30
5348,30
433,30
2036,30
7717,30
6305,30
1551,30
3535,30
4919,30
4546,30
3679,30
4899,30
768,30
8357,30
2891,30
1799,30
1808,30
1814,30
4716,30
2900,30
8183,30
5955,30
1753,30
2860,30
6467,30
3419,30
7130,30
1460,30
3193,30
1346,30
7067,30
3680,30
9484,30
3497,30
6271,30
3856,30
10430,30
7102,30
9757,30
8620,30
5826,30
701,30
6785,30
3194,30
8513,30
5732,30
2949,30
1980,30
4893,30
8946,30
4624,30
1664,30
4541,30
5017,30
1581,30
6038,30
5267,30
5945,30
4008,30
5845,30
5744,30
6062,30
355,30
6303,30
3180,30
6151,30
8393,30
5827,30
9232,30
3587,30
2747,30
6404,30
2269,30
8317,30
6079,30
8046,30
5035,30
4645,30
4527,30
5295,30
7512,30
6468,30
1874,30
4802,29
7761,29
425,29
6697,29
3536,29
5132,29
383,29
4300,29
8890,29
4705,29
9731,29
159,29
7246,29
4751,29
9097,29
3422,29
8980,29
262,29
4168,29
1939,29
1470,29
1823,29
4663,29
1045,29
7116,29
1469,29
4438,29
2846,29
8521,29
4566,29
6209,29
8991,29
5334,29
652,29
3086,29
3450,29
974,29
5643,29
5251,29
6669,29
553,29
4267,29
6334,29
4863,29
5184,29
3684,29
2826,29
1854,29
7040,29
7865,29
6237,29
4243,29
9411,29
3800,29
2616,29
1670,29
4662,29
10305,29
1349,29
3403,29
224,29
3760,29
1354,29
4754,29
4560,29
1608,29
6275,29
8706,29
7221,29
9804,29
1541,29
5185,29
9368,29
3367,29
6162,29
588,29
9112,29
3817,29
97,29
3719,29
4999,29
926,29
903,29
1803,29
9811,29
6622,29
868,29
8421,29
2573,29
6843,29
3538,29
5934,29
3526,29
8346,29
2280,28
4252,28
1886,28
399,28
4004,28
8029,28
3227,28
6059,28
1512,28
8484,28
9276,28
7848,28
3120,28
3897,28
5174,28
7021,28
2733,28
7260,28
825,28
3279,28
7336,28
8188,28
8511,28
594,28
87,28
4254,28
9578,28
3725,28
3044,28
6378,28
5073,28
2704,28
1437,28
7061,28
2363,28
5785,28
7399,28
227,28
8337,28
6307,28
2810,28
4384,28
7077,28
2445,28
5148,28
5553,28
978,28
5269,28
3754,28
6740,28
7335,28
1622,28
1068,28
5011,28
5999,28
6764,28
7587,28
3597,28
7539,28
4148,28
6464,28
640,28
3975,28
1723,28
4680,28
7894,28
10575,28
6185,28
7409,28
5162,28
9570,28
2999,28
5844,28
5834,28
5342,28
8049,28
3256,28
2600,28
8321,28
4913,28
4196,28
1633,28
8139,28
7419,28
2179,28
7922,28
2422,28
1322,28
6408,28
8779,28
6516,28
4313,28
4803,28
3786,28
6417,28
4214,28
7860,28
4847,28
7356,28
4491,28
586,28
1908,28
2972,27
7551,27
5701,27
6555,27
10321,27
3062,27
3409,27
1300,27
3794,27
6673,27
1336,27
1804,27
3352,27
3527,27
7166,27
3294,27
8012,27
7900,27
1247,27
5053,27
1093,27
4197,27
10315,27
7961,27
323,27
5894,27
3543,27
2349,27
3709,27
5584,27
3117,27
1249,27
358,27
6019,27
154,27
4975,27
3004,27
4433,27
2766,27
7198,27
7912,27
6289,27
4971,27
6017,27
2726,27
6606,27
7264,27
3005,27
10724,27
5098,27
5310,27
6258,27
4620,27
4175,27
4601,27
9855,27
6778,27
6932,27
1989,27
5546,27
5319,27
8596,27
6534,27
3682,27
5707,27
8976,27
4816,27
3808,27
6451,27
4918,27
3835,27
2411,27
363,27
2970,27
8185,27
5763,27
7981,27
4604,27
6167,27
6656,27
6031,27
4125,27
3359,27
1676,27
160,27
5247,27
4887,27
7397,27
1867,27
3694,27
3308,27
6103,27
8329,27
6003,27
1600,27
7324,27
6349,27
4053,27
1984,27
6177,27
4644,27
6824,27
2431,27
9261,27
202,27
2699,27
3796,27
9774,27
2339,27
2986,27
2415,27
3559,27
6465,27
3143,27
8230,27
3787,27
5297,27
1447,27
3487,27
8588,27
3442,27
1900,27
4223,27
3959,27
6385,27
4002,27
4469,26
4583,26
1047,26
5501,26
7219,26
4915,26
8972,26
4848,26
2298,26
4678,26
3864,26
664,26
6675,26
1561,26
3034,26
7892,26
3178,26
2856,26
3267,26
4037,26
7902,26
10562,26
7589,26
9106,26
5659,26
4159,26
843,26
7776,26
5645,26
4490,26
40,26
9249,26
4723,26
466,26
1703,26
3829,26
4689,26
6601,26
417,26
898,26
5909,26
7169,26
5469,26
3368,26
10916,26
5187,26
1743,26
4287,26
6280,26
2620,26
4426,26
7593,26
2825,26
8033,26
2921,26
7209,26
8795,26
1623,26
6317,26
181,26
9321,26
2510,26
607,26
2359,26
4647,26
4020,26
10666,26
6660,26
1705,26
5565,26
1847,26
4250,26
4767,26
10120,26
5811,26
7458,26
5277,26
3555,26
3748,26
2533,26
7711,26
1742,26
669,26
1520,26
7803,26
3070,26
2412,26
1539,26
7245,26
6286,26
9099,26
3215,26
7363,26
869,26
5119,26
5705,26
4013,26
9037,26
4548,26
5019,26
6247,26
8203,26
6551,26
5791,26
6278,26
7014,26
542,26
7328,26
9490,26
5842,26
1809,26
7042,26
9957,26
6782,26
4911,26
925,26
8948,26
3927,26
5856,26
8600,26
706,26
6068,26
8144,26
4733,25
8540,25
7085,25
8952,25
2494,25
4059,25
170,25
7106,25
6359,25
2735,25
1982,25
4545,25
3108,25
3911,25
4112,25
6760,25
8634,25
8543,25
1665,25
4696,25
6758,25
1596,25
6107,25
8090,25
2688,25
6683,25
10157,25
25,25
1918,25
5679,25
4302,25
3103,25
7062,25
810,25
4443,25
1920,25
5314,25
3629,25
8388,25
2983,25
521,25
1925,25
2299,25
2213,25
712,25
6069,25
3186,25
10712,25
7434,25
5580,25
2555,25
4044,25
5716,25
4741,25
3782,25
9404,25
4591,25
7964,25
6028,25
4461,25
6540,25
1500,25
4255,25
3420,25
2695,25
6356,25
4986,25
5435,25
29,25
5242,25
3293,25
7310,25
5440,25
7125,25
9613,25
929,25
2933,25
10715,25
7305,25
10,25
3126,25
1849,25
4471,25
8472,25
8778,25
8241,25
9392,25
4052,25
6737,25
2956,25
1651,25
4534,25
908,25
8658,25
1826,25
6327,25
2913,25
2184,25
522,25
8745,25
1118,25
7344,25
7785,25
3271,25
3155,25
2857,25
6248,25
4898,25
4,25
3461,25
6579,25
9378,25
8897,25
3697,25
7009,25
9154,25
4942,25
6052,25
1580,25
5273,25
7084,25
3781,25
444,25
6999,25
7975,25
1041,25
5887,25
3402,25
2397,25
3494,25
5446,25
3717,25
4011,25
354,25
8164,25
3145,25
1096,25
3274,25
2341,25
5816,25
4209,25
2618,25
9036,25
7866,25
2360,24
5830,24
6563,24
938,24
2303,24
8526,24
413,24
8982,24
5029,24
7664,24
10777,24
10848,24
1610,24
9390,24
2931,24
2333,24
5683,24
5194,24
4964,24
5799,24
6667,24
9058,24
8358,24
2520,24
3370,24
2310,24
6442,24
2731,24
6598,24
5824,24
3797,24
2662,24
3962,24
583,24
6233,24
6009,24
5998,24
5605,24
9739,24
209,24
2457,24
6353,24
3749,24
8160,24
8964,24
7639,24
8106,24
5529,24
2587,24
4820,24
6379,24
4901,24
9186,24
4941,24
8301,24
6486,24
2498,24
3898,24
4288,24
2388,24
5329,24
9064,24
9744,24
7177,24
2232,24
4146,24
434,24
7611,24
2572,24
1152,24
9706,24
5224,24
6946,24
4897,24
5325,24
2090,24
9306,24
2563,24
6806,24
3060,24
7233,24
2230,24
3710,24
3840,24
7887,24
4817,24
8589,24
5841,24
956,24
6035,24
7552,24
3350,24
4378,24
3546,24
659,24
4998,24
3218,24
324,24
6034,24
7827,24
5778,24
8723,24
8141,24
1747,24
7610,24
6196,24
2312,24
5336,24
4149,24
9295,24
6717,24
2963,24
10024,24
783,24
5289,24
193,24
6489,24
8061,24
3079,24
8534,24
8882,24
3053,24
4145,24
4521,24
4174,24
9754,24
2954,24
3534,24
761,24
3577,24
567,24
8645,24
5890,24
3617,23
6896,23
954,23
6306,23
2061,23
4825,23
987,23
6547,23
9332,23
8057,23
6496,23
7478,23
161,23
5699,23
5022,23
4821,23
8174,23
997,23
2470,23
848,23
2003,23
8320,23
1307,23
6945,23
6521,23
2527,23
10031,23
4256,23
4557,23
529,23
3072,23
4938,23
2038,23
3945,23
4857,23
3134,23
5063,23
467,23
2740,23
8785,23
7122,23
3248,23
8747,23
3076,23
1501,23
3387,23
4870,23
6576,23
9420,23
1443,23
8186,23
1142,23
4563,23
2994,23
608,23
4894,23
2583,23
3464,23
8036,23
2504,23
10444,23
201,23
3230,23
3980,23
1933,23
3722,23
2955,23
3341,23
5616,23
6090,23
3080,23
2612,23
4263,23
5598,23
6498,23
5112,23
8626,23
5804,23
1181,23
6856,23
8262,23
8283,23
4841,23
5239,23
10179,23
9001,23
2790,23
4309,23
2044,23
5191,23
1048,23
1240,23
6221,23
7217,23
7063,23
5313,23
958,23
1704,23
9564,23
8971,23
4954,23
1192,23
2985,23
6295,23
6664,23
7614,23
1257,23
6899,23
4248,23
3396,23
845,23
8750,23
2611,23
483,23
3941,23
5800,23
2943,23
3685,23
5377,23
6961,23
5386,23
1943,23
8338,23
6949,23
6759,23
8688,23
5821,23
4590,23
920,23
2342,23
2672,23
1913,23
2032,23
1348,23
7678,23
6809,23
3203,23
3296,23
2691,23
3578,23
1170,23
4573,22
4962,22
5332,22
9193,22
2558,22
7791,22
6969,22
9877,22
7682,22
3606,22
3966,22
559,22
760,22
5218,22
3594,22
5204,22
8929,22
6749,22
2337,22
3106,22
946,22
5296,22
9347,22
7300,22
8159,22
4066,22
2163,22
8223,22
2356,22
8685,22
1927,22
10549,22
5709,22
8794,22
5866,22
519,22
9952,22
6422,22
11330,22
8797,22
649,22
5658,22
8881,22
8959,22
8118,22
5815,22
5587,22
8879,22
3593,22
10447,22
7275,22
6163,22
6368,22
6548,22
5207,22
8598,22
4791,22
4098,22
7287,22
2653,22
1103,22
3064,22
5503,22
8091,22
9233,22
3533,22
9008,22
9920,22
6799,22
637,22
11254,22
4819,22
2528,22
5664,22
7875,22
3976,22
10779,22
1472,22
9359,22
8539,22
1184,22
1972,22
6734,22
565,22
5936,22
6719,22
8531,22
10943,22
7810,22
7083,22
6578,22
10977,22
6159,22
3868,22
5966,22
8727,22
5287,22
2992,22
8011,22
8184,22
6137,22
3783,22
10628,22
569,22
7139,22
2652,22
7405,22
1147,22
2844,22
7402,22
4216,22
8500,22
1995,22
4404,22
5091,22
6972,22
267,22
4487,22
5358,22
1712,22
4693,22
7426,22
1586,22
2707,22
7991,22
8229,22
1315,22
8574,22
10172,22
1508,22
4990,22
4068,22
3311,22
6444,22
9602,22
4984,22
6195,22
3969,22
1266,22
6254,21
3415,21
319,21
10522,21
4711,21
1330,21
144,21
4983,21
8594,21
1914,21
11429,21
2932,21
6181,21
3488,21
6245,21
4176,21
7043,21
6690,21
4233,21
2637,21
9528,21
1425,21
5956,21
3161,21
654,21
8796,21
4978,21
4501,21
4434,21
7295,21
6440,21
357,21
1921,21
3889,21
10042,21
8606,21
2153,21
554,21
4460,21
8482,21
1313,21
8481,21
4976,21
6708,21
1129,21
4959,21
8483,21
6014,21
2354,21
3965,21
11910,21
10039,21
7035,21
6512,21
7016,21
8347,21
8552,21
5462,21
807,21
8065,21
7463,21
9577,21
7005,21
5935,21
3882,21
3636,21
3936,21
3221,21
2603,21
2189,21
7241,21
4164,21
1167,21
8532,21
320,21
5474,21
4699,21
5175,21
6956,21
877,21
4690,21
9533,21
8915,21
2761,21
8448,21
9935,21
8695,21
1187,21
715,21
4297,21
7692,21
6088,21
5873,21
1509,21
8212,21
5878,21
8689,21
2808,21
9670,21
7362,21
8389,21
3521,21
3518,21
2553,21
2238,21
6332,21
4265,21
2474,21
9657,21
5536,21
8136,21
8704,21
7155,21
10442,21
7393,21
4325,21
6625,21
5387,21
7645,21
6168,21
9486,21
1755,21
9695,21
10463,21
5608,21
6361,21
1188,21
8154,21
2567,21
1749,21
10729,21
7150,21
525,21
8100,21
10730,21
2798,21
6424,21
7339,21
3057,21
4029,21
2065,21
5649,21
6166,21
3069,21
3581,21
5630,21
6142,21
7094,21
6677,21
6933,21
4784,21
1708,21
1303,21
1559,21
3744,21
3862,21
5373,21
6063,21
6678,21
4785,21
3579,21
5048,21
11196,21
5049,21
4793,21
8894,21
7183,20
4203,20
3284,20
8111,20
4714,20
7381,20
400,20
8557,20
4655,20
5589,20
5082,20
4786,20
2714,20
4459,20
126,20
11116,20
6874,20
2334,20
4111,20
3944,20
5261,20
6169,20
1898,20
4796,20
3283,20
2861,20
7634,20
3280,20
7565,20
5227,20
1924,20
5037,20
5212,20
6491,20
10548,20
8245,20
7514,20
7568,20
8287,20
3358,20
3930,20
10468,20
2609,20
6750,20
4834,20
6371,20
2215,20
10134,20
2156,20
3219,20
6492,20
1246,20
863,20
7779,20
4872,20
3549,20
9391,20
1710,20
866,20
5254,20
3200,20
7826,20
3728,20
8661,20
11221,20
9519,20
9645,20
2421,20
10668,20
7093,20
1173,20
1432,20
4552,20
10097,20
118,20
1158,20
7797,20
7348,20
5394,20
887,20
9748,20
11053,20
10695,20
8721,20
7365,20
121,20
8748,20
6443,20
8366,20
8236,20
10131,20
2089,20
4473,20
9507,20
9251,20
1660,20
3718,20
3531,20
7190,20
3348,20
127,20
2995,20
5539,20
3692,20
7790,20
4649,20
6348,20
5996,20
7195,20
3261,20
4743,20
8239,20
6508,20
2670,20
3627,20
3855,20
1485,20
8605,20
30,20
1228,20
4720,20
4750,20
8392,20
3765,20
5038,20
2066,20
8085,20
5577,20
8073,20
9079,20
7398,20
7534,20
5626,20
3816,20
3660,20
7429,20
6902,20
7582,20
5456,20
3908,20
7505,20
7228,20
5533,20
5718,20
1798,20
489,20
6971,20
5881,20
7749,20
5622,20
5023,20
4001,20
7985,20
820,20
9201,20
3307,20
7495,20
3818,20
4422,20
4100,20
4929,20
4003,20
5383,20
8858,20
6208,20
10493,20
7174,20
2883,20
2383,20
7675,20
9376,20
6482,20
5124,20
9464,20
6204,20
3634,20
8442,20
6562,20
6814,20
1563,20
9443,20
7920,20
7510,20
3668,20
3380,20
9535,20
7735,20
7677,20
4771,20
11326,20
7224,20
260,20
6143,20
3654,20
3566,20
5619,20
1862,20
6485,20
7676,20
6710,20
10063,20
165,20
4170,20
3133,20
3124,20
4923,20
7442,19
7544,19
9415,19
4294,19
7060,19
6045,19
6731,19
7316,19
4217,19
785,19
8177,19
6769,19
2941,19
9421,19
6389,19
4728,19
7114,19
3061,19
5444,19
9200,19
4470,19
5121,19
7028,19
2987,19
10736,19
4342,19
6596,19
4676,19
9340,19
9883,19
8348,19
4043,19
1845,19
7546,19
6135,19
3734,19
10623,19
6037,19
7415,19
3909,19
8840,19
4270,19
10429,19
6944,19
5178,19
6973,19
1462,19
1020,19
5512,19
7230,19
6792,19
8191,19
5182,19
8466,19
1931,19
5006,19
8726,19
2327,19
11065,19
8504,19
7171,19
9866,19
7347,19
827,19
3327,19
7853,19
3610,19
942,19
2329,19
8343,19
1337,19
9982,19
8480,19
3584,19
4390,19
7618,19
10482,19
5621,19
6595,19
2942,19
6077,19
1663,19
7745,19
959,19
4226,19
4369,19
9860,19
6977,19
625,19
9011,19
4028,19
1442,19
1174,19
7358,19
8993,19
6078,19
6394,19
2072,19
1335,19
2,19
65,19
1793,19
7930,19
11041,19
3312,19
10153,19
8155,19
1583,19
1616,19
5202,19
8914,19
6383,19
7439,19
7652,19
6250,19
6114,19
9168,19
6054,19
6370,19
4376,19
5995,19
10911,19
7529,19
781,19
8103,19
3492,19
5209,19
8407,19
4879,19
2017,19
3795,19
3336,19
7893,19
2332,19
10338,19
10340,19
5384,19
8806,19
2795,19
7640,19
10086,19
5420,19
2910,19
2863,19
1617,19
5478,19
985,19
8039,19
7946,19
4057,19
1837,19
9180,19
7470,19
8924,19
8451,19
7724,19
3372,19
6101,19
6967,19
85,19
8293,19
8193,19
6387,19
4812,19
3589,19
6454,19
11253,19
9052,19
5198,19
3736,19
6923,19
1507,19
1821,19
8810,19
6116,19
8045,19
5069,19
5919,19
7648,19
6311,19
4949,19
1356,19
2276,19
3926,19
9054,19
5426,19
2417,19
2022,19
3949,19
7247,19
8465,18
5355,18
8578,18
7741,18
6979,18
6141,18
7901,18
6060,18
788,18
4610,18
2398,18
3417,18
6706,18
24,18
4485,18
1594,18
3667,18
7996,18
4536,18
2862,18
7558,18
4539,18
8158,18
1209,18
4752,18
8586,18
5354,18
10420,18
7607,18
2909,18
7351,18
11333,18
396,18
993,18
3042,18
2741,18
3160,18
5723,18
3418,18
6975,18
4884,18
10591,18
7934,18
5344,18
5211,18
2849,18
3929,18
2096,18
5770,18
4129,18
9050,18
8075,18
7566,18
7818,18
6456,18
10383,18
10535,18
6968,18
1620,18
9109,18
2396,18
10808,18
2996,18
4499,18
606,18
9673,18
4088,18
9033,18
630,18
11310,18
6766,18
2249,18
2292,18
4932,18
6150,18
10365,18
9173,18
9264,18
4076,18
5316,18
5391,18
4292,18
7878,18
1013,18
6982,18
2514,18
2576,18
8266,18
7635,18
4811,18
1389,18
6091,18
4904,18
6985,18
9076,18
4648,18
6863,18
1540,18
7880,18
2802,18
10102,18
3146,18
1795,18
6198,18
10485,18
1577,18
7492,18
5419,18
7369,18
8140,18
6345,18
6342,18
2683,18
2490,18
5592,18
6013,18
2151,18
8943,18
2809,18
6076,18
2916,18
4045,18
6362,18
1409,18
8838,18
3622,18
5393,18
99,18
6016,18
6182,18
4286,18
3365,18
6279,18
5305,18
7689,18
8802,18
7763,18
960,18
4634,18
6097,18
8558,18
4310,18
1334,18
7406,18
1987,18
52,18
6081,18
6382,18
7954,18
5646,18
8043,18
707,18
8424,18
3650,18
3008,18
4291,18
1015,18
10362,18
6484,18
7704,18
9758,18
7599,18
1304,18
7073,18
5787,18
7581,18
4639,18
8478,18
6431,18
2328,18
8608,18
3241,18
3735,18
10405,18
4383,18
6041,18
3751,18
5797,18
9361,18
5793,18
1564,18
6685,18
5913,18
3222,18
4244,18
8350,18
2079,18
8987,18
3495,18
5547,18
3999,18
1525,17
1131,17
9537,17
5543,17
1333,17
5962,17
8487,17
2181,17
4596,17
6866,17
3547,17
7520,17
6048,17
10264,17
3463,17
7867,17
3317,17
9661,17
7068,17
5021,17
11091,17
3165,17
7408,17
3767,17
6695,17
276,17
7193,17
4058,17
3655,17
5252,17
6640,17
5450,17
3596,17
3874,17
343,17
10226,17
8435,17
7113,17
653,17
10309,17
9143,17
8925,17
7202,17
7078,17
10379,17
7445,17
3338,17
7701,17
1166,17
8630,17
9610,17
3854,17
6577,17
9740,17
6904,17
7602,17
6441,17
7227,17
2196,17
8541,17
1569,17
4417,17
10055,17
4341,17
3272,17
247,17
1991,17
5441,17
7156,17
1301,17
2149,17
4442,17
8880,17
4056,17
5120,17
737,17
10259,17
8454,17
1163,17
1880,17
4128,17
6543,17
7026,17
10141,17
3458,17
10393,17
932,17
2243,17
6639,17
8450,17
7294,17
6494,17
7550,17
2389,17
5571,17
6476,17
10776,17
4892,17
7322,17
1870,17
9410,17
1646,17
6557,17
9338,17
5708,17
7293,17
8902,17
2866,17
3752,17
1476,17
8318,17
8385,17
5925,17
3195,17
4138,17
6771,17
4944,17
3335,17
6008,17
6264,17
563,17
8319,17
7657,17
3563,17
6376,17
1647,17
3304,17
3600,17
8019,17
6661,17
5359,17
7291,17
3924,17
2435,17
4905,17
8899,17
6274,17
6479,17
9155,17
6950,17
9428,17
6984,17
5055,17
6130,17
3775,17
7523,17
5248,17
8866,17
3824,17
10103,17
6847,17
10088,17
5939,17
9501,17
455,17
10170,17
4701,17
192,17
3039,17
7849,17
113,17
10178,17
11210,17
2029,17
8088,17
10057,17
2241,17
4070,17
5780,17
7884,17
5531,17
8309,17
4094,17
10657,17
7211,17
6844,17
8028,17
8298,17
6402,17
453,17
6051,17
4127,17
6115,17
1200,17
3131,17
5656,17
8099,17
2988,17
1495,17
6744,17
765,17
6042,17
7906,17
1069,17
9167,17
6244,17
7825,17
3073,17
7597,17
2081,17
4242,17
5488,17
7575,17
1312,17
5438,17
7742,17
1944,17
10595,17
8365,17
912,17
11189,17
7536,17
9773,17
4064,17
3217,17
4952,17
2208,17
9979,17
2914,16
7126,16
1910,16
5604,16
41,16
7963,16
5903,16
3259,16
5151,16
3092,16
5515,16
4886,16
5748,16
8833,16
442,16
9903,16
10537,16
5819,16
6584,16
6384,16
8086,16
7665,16
7488,16
1833,16
10229,16
5905,16
6681,16
7019,16
9832,16
8781,16
8274,16
4069,16
1388,16
9389,16
5086,16
1522,16
7428,16
7744,16
7608,16
11454,16
8652,16
5075,16
8364,16
8639,16
244,16
2978,16
6741,16
6432,16
5409,16
5351,16
6026,16
5232,16
2551,16
8493,16
5337,16
2058,16
2402,16
10700,16
8653,16
7007,16
7670,16
4022,16
4234,16
10139,16
6539,16
8204,16
8743,16
3476,16
11239,16
5045,16
9916,16
5481,16
7092,16
7989,16
9223,16
3789,16
4014,16
8479,16
7447,16
9357,16
11418,16
4889,16
8893,16
8463,16
4885,16
1878,16
9371,16
7647,16
1329,16
8674,16
5473,16
1936,16
4023,16
5508,16
8673,16
6580,16
4926,16
1824,16
5054,16
7172,16
7624,16
2655,16
2429,16
5490,16
570,16
451,16
2792,16
9559,16
6682,16
4880,16
8898,16
8390,16
915,16
2962,16
9369,16
7185,16
6800,16
5733,16
5059,16
7109,16
1448,16
10082,16
8200,16
10501,16
6594,16
5741,16
1659,16
682,16
6481,16
1618,16
9561,16
3411,16
3484,16
3493,16
9782,16
5240,16
7289,16
3806,16
5727,16
9171,16
9427,16
1513,16
7644,16
9853,16
7824,16
5864,16
5715,16
4188,16
8169,16
8102,16
7994,16
8640,16
4947,16
2540,16
9444,16
10180,16
8253,16
7462,16
4430,16
6049,16
4909,16
6333,16
5106,16
4158,16
5193,16
9861,16
5567,16
2571,16
9145,16
10576,16
4799,16
10631,16
4314,16
3425,16
7723,16
7553,16
9294,16
5986,16
5760,16
4581,16
7080,16
2401,16
4762,16
7789,16
7516,16
3994,16
9449,16
5628,16
9051,16
6712,16
1433,16
4191,16
9322,16
2543,16
10358,16
5520,16
2271,16
7660,16
8300,16
1999,16
8427,16
4333,16
4132,16
1631,16
7148,16
5406,16
6230,16
3876,16
6458,16
7681,16
10174,16
5594,16
10811,16
7089,16
6029,16
9821,16
8490,16
5782,16
6937,16
6723,16
7786,16
8763,16
7448,16
7841,16
2608,16
8764,16
8115,16
4396,16
4116,16
5851,16
6065,16
5772,16
8762,16
9720,16
4626,16
9396,16
4455,16
5994,16
2703,16
2307,16
5540,16
8669,16
2776,16
10672,16
5835,16
13,16
2113,16
5007,16
7929,16
5181,16
5396,16
4489,16
7863,16
6211,16
8260,16
5374,16
10408,16
2447,16
11191,16
924,16
7203,16
4748,16
8457,16
3040,16
5299,16
5152,16
6287,16
6957,16
3299,16
9820,16
7418,16
5256,16
1592,16
9274,16
5369,16
3648,16
9569,16
1598,16
67,16
5046,16
9580,16
2957,16
10298,16
6284,16
9614,16
204,16
7476,16
7590,16
1039,16
2842,16
4908,16
388,15
4616,15
7423,15
2485,15
8850,15
5869,15
8172,15
11124,15
6665,15
11198,15
8960,15
5378,15
129,15
4337,15
10056,15
2159,15
4306,15
5548,15
10764,15
9777,15
7076,15
6113,15
8280,15
4827,15
3674,15
6556,15
4377,15
6611,15
2220,15
8530,15
8911,15
3242,15
10625,15
7720,15
6619,15
4553,15
11399,15
4777,15
4018,15
10456,15
6473,15
10870,15
6085,15
4814,15
1579,15
2278,15
11061,15
11600,15
5954,15
8624,15
10035,15
9272,15
8437,15
2077,15
2773,15
7108,15
6867,15
8916,15
4993,15
5238,15
6600,15
9584,15
8269,15
5311,15
6044,15
8722,15
3036,15
5079,15
8623,15
3421,15
7235,15
5147,15
7267,15
6700,15
9259,15
7679,15
6514,15
9518,15
4867,15
3344,15
7658,15
4394,15
8789,15
8251,15
1934,15
8729,15
1915,15
1568,15
7196,15
10002,15
9197,15
7104,15
6783,15
10395,15
10755,15
10177,15
7504,15
1986,15
8573,15
6483,15
9562,15
7250,15
7460,15
6270,15
8161,15
9524,15
4365,15
859,15
9355,15
5922,15
7249,15
7090,15
6011,15
2518,15
655,15
5669,15
5752,15
10514,15
11292,15
5807,15
4883,15
2519,15
5867,15
7843,15
2446,15
7173,15
7111,15
11424,15
6299,15
4800,15
7651,15
7394,15
4764,15
9668,15
3798,15
7918,15
4982,15
5375,15
6567,15
8133,15
8644,15
6171,15
8387,15
4293,15
7372,15
5775,15
1357,15
8113,15
8828,15
10166,15
10006,15
9194,15
9023,15
1942,15
5309,15
5156,15
8813,15
1230,15
7501,15
6148,15
6624,15
9012,15
3662,15
8955,15
6066,15
7649,15
11384,15
8157,15
367,15
4621,15
6108,15
7403,15
6154,15
5980,15
8349,15
7984,15
5870,15
5146,15
6525,15
10314,15
9040,15
4335,15
2104,15
5554,15
5790,15
9184,15
36,15
3349,15
8627,15
2721,15
4134,15
7703,15
9971,15
1176,15
3700,15
10206,15
9048,15
4352,15
4161,15
6657,15
3362,15
2448,15
3204,15
1397,15
7694,15
7327,15
8034,15
11046,15
5445,15
7733,15
7477,15
3303,15
8294,15
8199,15
9476,15
4789,15
3653,15
5026,15
4346,15
9950,15
6842,15
6400,15
5271,15
1827,15
4010,15
4519,15
9286,15
5153,15
1463,15
66,15
6561,15
3946,15
6901,15
10163,15
5950,15
5972,15
4142,15
9479,15
7936,15
8967,15
948,15
6290,15
8868,15
3742,15
4788,15
10377,15
5889,15
2221,15
5562,15
4659,15
4830,15
10992,15
5284,15
5747,15
2581,15
9245,15
5766,15
1314,15
11250,15
8945,15
10266,15
9382,15
6859,15
4744,15
4420,15
8302,15
10040,15
7238,15
5943,15
9650,15
6996,15
1417,15
8770,15
3906,15
5136,14
5036,14
6064,14
7099,14
6989,14
5590,14
8559,14
9225,14
1587,14
4399,14
9651,14
10577,14
7163,14
6795,14
9299,14
7334,14
2835,14
2305,14
10355,14
5367,14
8728,14
1486,14
6630,14
7549,14
2192,14
6819,14
4122,14
4508,14
9985,14
5614,14
4323,14
6536,14
1534,14
9596,14
9238,14
6797,14
2160,14
8455,14
5989,14
4119,14
7008,14
10269,14
1567,14
6220,14
1682,14
7437,14
6775,14
8330,14
5879,14
9120,14
8380,14
5765,14
6504,14
7882,14
11169,14
3290,14
8289,14
8078,14
11118,14
8037,14
8303,14
5552,14
1834,14
3209,14
7957,14
1693,14
6399,14
944,14
5259,14
8884,14
7939,14
10232,14
5920,14
885,14
9909,14
5953,14
296,14
5203,14
5422,14
6718,14
11564,14
9745,14
418,14
9637,14
7342,14
3088,14
9947,14
7508,14
5347,14
3179,14
6702,14
9875,14
8947,14
9287,14
5000,14
10772,14
7229,14
7983,14
10135,14
9869,14
5885,14
3473,14
9510,14
7774,14
9753,14
9763,14
9715,14
9198,14
8477,14
7066,14
5279,14
3524,14
1754,14
7977,14
4035,14
7819,14
8129,14
4368,14
9711,14
6436,14
5265,14
10435,14
5682,14
9970,14
3750,14
6364,14
5149,14
10807,14
6024,14
7795,14
2981,14
460,14
10013,14
4289,14
2897,14
10732,14
5246,14
10270,14
3801,14
8254,14
9841,14
2610,14
7420,14
5970,14
4379,14
10792,14
9812,14
7622,14
5714,14
137,14
5461,14
9536,14
629,14
3045,14
5773,14
2274,14
10093,14
4974,14
6155,14
8536,14
5302,14
2647,14
6810,14
8737,14
9362,14
6691,14
2000,14
883,14
7491,14
6980,14
9667,14
8949,14
8621,14
3505,14
8875,14
7962,14
4195,14
6300,14
11750,14
7015,14
5698,14
4719,14
6590,14
1711,14
4582,14
9314,14
9885,14
8445,14
9586,14
9756,14
205,14
9039,14
9996,14
9189,14
10155,14
4407,14
1079,14
3100,14
4395,14
8714,14
3446,14
2979,14
7159,14
2365,14
7632,14
10118,14
7095,14
7968,14
6241,14
11108,14
3288,14
671,14
8933,14
6466,14
5731,14
7343,14
5018,14
8786,14
1267,14
7207,14
7162,14
1017,14
6294,14
3424,14
9387,14
5145,14
2455,14
9160,14
11076,14
6318,14
6474,14
9663,14
436,14
10909,14
8327,14
9181,14
9283,14
6099,14
1852,14
8143,14
9345,14
8888,14
3836,14
9889,14
9521,14
10052,14
2565,14
9135,14
8376,14
6073,14
7191,14
4271,14
10127,14
9150,14
3191,14
8931,14
10427,14
2322,14
10349,14
8891,14
3925,14
4766,14
9327,14
4888,14
9092,14
8123,14
496,14
269,14
8359,14
8273,14
6488,14
5345,14
7214,14
2915,14
823,14
9451,14
7811,14
9874,14
6206,14
8508,14
7459,14
7804,14
3278,14
2073,14
5135,14
3850,14
8124,14
501,14
3390,14
10531,14
3171,14
2348,14
8997,14
7706,14
10144,14
6714,14
6654,14
2984,14
1024,14
651,14
8324,14
6509,14
6707,14
10914,14
7074,14
4769,14
10400,14
2289,14
8008,14
5014,14
9904,14
212,14
8031,14
10296,14
1480,14
8109,14
6589,14
8498,14
7943,14
4832,14
8264,14
8474,14
7257,14
7206,14
3189,14
3369,14
7794,13
4977,13
10773,13
8020,13
3379,13
8469,13
1189,13
4212,13
7136,13
8717,13
6002,13
5898,13
3552,13
7799,13
7907,13
1909,13
9262,13
10797,13
10579,13
4439,13
11747,13
2529,13
6602,13
8016,13
6627,13
6517,13
6375,13
9055,13
4869,13
3931,13
2353,13
11200,13
7909,13
6224,13
8468,13
8022,13
1229,13
7371,13
10982,13
50,13
8246,13
8928,13
7284,13
10320,13
10140,13
8501,13
7851,13
9196,13
271,13
3414,13
6570,13
7374,13
5243,13
9417,13
1115,13
6193,13
8791,13
7771,13
6922,13
2335,13
8877,13
6094,13
6891,13
7024,13
6374,13
8025,13
2320,13
8566,13
2789,13
8165,13
6087,13
9928,13
10614,13
4115,13
1657,13
10101,13
9591,13
2830,13
7006,13
2425,13
7914,13
5742,13
9590,13
10244,13
7354,13
7564,13
4740,13
5223,13
5043,13
10428,13
6709,13
9858,13
10000,13
10479,13
8069,13
2631,13
5625,13
4229,13
6469,13
3066,13
5472,13
7521,13
1861,13
7750,13
9793,13
8711,13
6240,13
8551,13
2306,13
8844,13
9617,13
9630,13
7859,13
6947,13
6293,13
5042,13
2749,13
5926,13
6591,13
6610,13
2738,13
10743,13
10175,13
2803,13
516,13
3059,13
10753,13
10704,13
3770,13
9863,13
9504,13
6358,13
2309,13
10942,13
10230,13
1377,13
4102,13
7522,13
7787,13
10906,13
5560,13
2781,13
2589,13
2998,13
1954,13
6352,13
5595,13
1272,13
6838,13
7642,13
6505,13
8119,13
10896,13
4966,13
11570,13
8656,13
9541,13
9285,13
8701,13
8219,13
4859,13
10128,13
6615,13
7332,13
4096,13
9796,13
5411,13
8368,13
9911,13
10237,13
5140,13
11689,13
2625,13
9638,13
1930,13
8444,13
3733,13
8331,13
6648,13
5190,13
5541,13
3319,13
11073,13
3691,13
31,13
5876,13
8845,13
7861,13
10494,13
428,13
8180,13
7376,13
9543,13
3394,13
7213,13
2187,13
5123,13
6716,13
2851,13
9746,13
9949,13
10891,13
7065,13
8985,13
8632,13
4451,13
9473,13
8788,13
3562,13
5865,13
1474,13
10558,13
5568,13
6301,13
7421,13
10775,13
4074,13
10458,13
8646,13
10274,13
9818,13
8602,13
5689,13
10181,13
7773,13
1690,13
1729,13
7472,13
6040,13
658,13
6653,13
9436,13
6781,13
4000,13
10812,13
3182,13
7251,13
2896,13
7738,13
1146,13
10869,13
6109,13
5551,13
9381,13
9454,13
6908,13
6259,13
991,13
4776,13
2782,13
2282,13
8765,13
7800,13
5753,13
8128,13
7788,13
5677,13
2479,13
8995,13
8824,13
7079,13
10927,13
6620,13
7595,13
2240,13
6507,13
8098,13
4850,13
191,13
6802,13
8226,13
8352,13
10536,13
8471,13
5743,13
6672,13
7188,13
9402,13
2751,13
8096,13
6323,13
6406,13
8983,13
9204,13
8527,13
4480,13
11286,13
2668,13
7387,13
8761,13
9988,13
753,13
7809,13
3517,13
2286,13
10453,13
9962,13
9902,13
8595,13
828,13
6813,13
5897,13
9217,13
7133,13
7382,13
1810,13
494,13
6292,13
10973,13
5631,13
8101,13
5368,13
6160,13
9819,13
2892,13
5333,12
8401,12
4709,12
9313,12
11358,12
5078,12
8148,12
11474,12
2152,12
3545,12
9069,12
6762,12
4246,12
5738,12
4564,12
9769,12
3187,12
9836,12
5385,12
1505,12
1036,12
1627,12
6942,12
7845,12
873,12
1752,12
5423,12
2660,12
8420,12
9231,12
6238,12
1947,12
2254,12
10842,12
8051,12
8495,12
6748,12
7181,12
7628,12
3790,12
724,12
5602,12
4316,12
464,12
9132,12
1232,12
3292,12
9177,12
10767,12
527,12
1177,12
7468,12
8218,12
7518,12
880,12
7178,12
10185,12
4124,12
8030,12
10293,12
9179,12
6876,12
10970,12
7949,12
7118,12
5229,12
2270,12
9771,12
5644,12
3343,12
7891,12
7775,12
4364,12
5582,12
8153,12
7897,12
11366,12
4623,12
6751,12
2843,12
9175,12
9512,12
8544,12
10863,12
481,12
8677,12
972,12
8792,12
8746,12
7450,12
6445,12
7469,12
2217,12
10596,12
11422,12
6754,12
8491,12
9230,12
3024,12
7378,12
5838,12
9573,12
10969,12
9481,12
3887,12
8408,12
6497,12
7121,12
2605,12
8152,12
1116,12
3595,12
11111,12
7151,12
9679,12
3910,12
5511,12
9917,12
7236,12
6129,12
8242,12
6329,12
8382,12
10529,12
8004,12
5914,12
8944,12
8524,12
1011,12
4509,12
9292,12
7592,12
2746,12
11853,12
9718,12
132,12
5767,12
8322,12
7697,12
4855,12
184,12
4935,12
5527,12
440,12
3462,12
5509,12
8999,12
5111,12
5789,12
647,12
8515,12
2068,12
6532,12
6276,12
8433,12
9794,12
8005,12
9712,12
4484,12
5307,12
1923,12
6805,12
7153,12
3755,12
5820,12
11141,12
9195,12
896,12
7455,12
6380,12
1774,12
7917,12
11080,12
5100,12
7242,12
3774,12
9339,12
10987,12
2287,12
6381,12
4172,12
2430,12
6524,12
151,12
7404,12
2052,12
3007,12
6928,12
3858,12
6919,12
11182,12
3602,12
9009,12
12004,12
8693,12
6642,12
7297,12
3659,12
9728,12
2492,12
9972,12
8326,12
957,12
8497,12
9639,12
787,12
5159,12
10048,12
2338,12
6645,12
9364,12
2211,12
9621,12
6202,12
2990,12
3329,12
9209,12
7995,12
8083,12
7739,12
5154,12
2483,12
3900,12
1935,12
3325,12
5517,12
10152,12
4355,12
7052,12
2702,12
6914,12
4781,12
8760,12
6545,12
8363,12
7586,12
6940,12
1709,12
7854,12
4012,12
9467,12
7056,12
4605,12
2875,12
6970,12
5688,12
10490,12
11179,12
1185,12
4409,12
11415,12
7736,12
8854,12
10491,12
2227,12
5260,12
6936,12
8356,12
10310,12
8263,12
9222,12
7862,12
10161,12
6720,12
10675,12
10931,12
8074,12
5556,12
6392,12
5003,12
4747,12
6324,12
3639,12
9458,12
3977,12
7318,12
10995,12
3721,12
9649,12
6964,12
6550,12
6650,12
9019,12
4091,12
1302,12
5808,12
3328,12
3646,12
9609,12
5379,12
9244,12
10565,12
3506,12
10632,12
9126,12
3894,12
9469,12
8261,12
9352,12
7732,12
8072,12
3603,12
8089,12
564,12
10720,12
7627,12
746,12
1575,12
9676,12
7940,12
5096,12
2832,12
4688,12
2057,12
8609,12
6520,12
7572,12
7762,12
3956,12
8896,12
10656,12
7542,12
9237,12
3444,12
10067,12
491,12
5606,12
6954,12
1475,12
7616,12
6960,12
1003,12
1562,12
4147,12
49,12
7684,12
7828,12
10182,12
7796,12
7767,12
4005,12
10653,12
5974,12
6449,12
8604,12
10477,12
5349,12
1478,12
3049,12
6705,12
710,12
4357,12
8642,12
8134,12
6569,12
6733,12
6884,12
3270,12
10988,12
7248,12
9085,12
552,12
9341,12
1221,12
2716,12
9923,12
4072,12
10367,12
8563,12
10844,12
8643,12
4334,12
5412,12
10223,12
2530,12
7947,12
5720,12
3879,12
1881,12
10948,12
10077,12
7905,12
8130,12
8221,12
6768,12
7973,12
7500,12
3844,12
5208,12
9702,12
7874,12
7475,12
9448,12
3954,12
1194,12
4721,12
5600,12
10519,12
8013,12
11595,12
5392,12
9880,12
5056,12
5964,12
7105,12
11238,12
6000,12
6881,12
7967,11
1858,11
4163,11
10210,11
5657,11
7730,11
9789,11
8149,11
1382,11
4658,11
4441,11
7333,11
2465,11
7993,11
6905,11
6229,11
3377,11
1441,11
7513,11
9693,11
6457,11
4917,11
2296,11
10334,11
8002,11
10759,11
4652,11
9214,11
11344,11
10850,11
9523,11
5278,11
4086,11
3136,11
1946,11
6396,11
7481,11
11517,11
11494,11
7740,11
6140,11
7486,11
5350,11
6911,11
2877,11
4698,11
2777,11
9692,11
8095,11
8250,11
7483,11
9308,11
2048,11
5690,11
10064,11
8672,11
10079,11
9959,11
253,11
5130,11
9743,11
8249,11
7743,11
5694,11
10407,11
6552,11
257,11
162,11
7417,11
11322,11
9470,11
8930,11
6459,11
4190,11
5880,11
5171,11
10814,11
10336,11
11294,11
7432,11
7960,11
6818,11
10333,11
9043,11
11751,11
11066,11
11602,11
11003,11
8234,11
10813,11
7770,11
10660,11
763,11
5641,11
3884,11
11350,11
7668,11
4653,11
8665,11
9472,11
5609,11
7261,11
7753,11
10062,11
7216,11
8782,11
2027,11
4425,11
3313,11
7837,11
5449,11
11736,11
2800,11
4061,11
5360,11
9973,11
8759,11
9246,11
8694,11
6663,11
8438,11
2821,11
5963,11
6242,11
9300,11
7903,11
7400,11
1104,11
10319,11
1545,11
6643,11
9192,11
9551,11
10255,11
6893,11
7212,11
3919,11
11592,11
6621,11
4844,11
11227,11
10569,11
3890,11
9887,11
9114,11
10907,11
2613,11
3332,11
750,11
6686,11
8344,11
9515,11
3678,11
10986,11
3935,11
1516,11
7503,11
1100,11
5,11
3309,11
2893,11
10825,11
10201,11
6243,11
7646,11
6047,11
10316,11
5109,11
1802,11
4961,11
3828,11
10974,11
8279,11
6152,11
515,11
10221,11
10560,11
11575,11
11059,11
8735,11
4584,11
4513,11
1444,11
2372,11
5958,11
11225,11
2793,11
10087,11
11231,11
4613,11
9438,11
6644,11
2294,11
8707,11
9303,11
10817,11
11763,11
8171,11
8793,11
818,11
9778,11
10480,11
9062,11
9282,11
4329,11
8247,11
6917,11
5400,11
11532,11
2889,11
10033,11
6738,11
6816,11
8431,11
8687,11
2094,11
9974,11
11295,11
9176,11
9975,11
10038,11
1290,11
1839,11
10085,11
4772,11
3237,11
4318,11
1002,11
6197,11
10991,11
2097,11
8942,11
8259,11
5662,11
9951,11
1350,11
11508,11
10781,11
6021,11
10424,11
6071,11
7446,11
5585,11
9905,11
5294,11
9105,11
7022,11
2502,11
5921,11
10268,11
5068,11
7059,11
5650,11
7606,11
2075,11
10901,11
5768,11
2449,11
3883,11
7970,11
5736,11
7871,11
7303,11
9934,11
5992,11
11458,11
8041,11
10446,11
7049,11
7571,11
10929,11
5750,11
4906,11
10798,11
3758,11
5739,11
8597,11
10961,11
7557,11
7834,11
8372,11
7978,11
11971,11
7280,11
6586,11
8400,11
5654,11
7877,11
8660,11
8044,11
7830,11
4712,11
10091,11
9835,11
618,11
7868,11
6835,11
4108,11
8383,11
3246,11
5237,11
1807,11
5388,11
1234,11
7272,11
8651,11
8077,11
10683,11
3852,11
4272,11
435,11
9174,11
3434,11
1387,11
6093,11
1940,11
7309,11
10936,11
5823,11
140,11
7579,11
3690,11
4980,11
9328,11
11960,11
3223,11
11918,11
9675,11
10173,11
661,11
1654,11
9137,11
8145,11
11397,11
11821,11
5155,11
8554,11
3345,11
11190,11
10188,11
6263,11
10934,11
6053,11
6092,11
7948,11
10634,11
4787,11
5308,11
4483,11
10286,11
8885,11
8742,11
4992,11
7958,11
2495,11
8053,11
6004,11
9074,11
8827,11
3688,11
10688,11
7313,11
3011,11
10965,11
7823,11
9844,11
1431,11
6335,11
2509,11
2456,11
6086,11
6593,11
3258,11
3878,11
6674,11
10009,11
6006,11
10272,11
3475,11
7569,11
9366,11
4522,11
11031,11
8110,11
10018,11
6827,11
2434,11
8556,11
9623,11
7538,11
9367,11
1649,11
35,11
7186,11
1672,11
7524,11
11042,11
6826,11
9152,11
3952,11
7780,11
8050,11
5907,11
9134,11
5032,11
10517,11
8333,11
2440,11
8476,11
20,11
180,11
9096,11
5318,11
10418,11
5413,11
9927,11
9849,11
4997,11
4732,11
4525,11
5528,11
10528,11
9497,11
8201,11
6027,11
10506,11
2060,11
4731,11
3861,11
10133,11
6522,11
6256,11
8213,11
4488,11
5143,11
7018,11
5756,11
4239,11
10114,11
3970,11
11558,11
10664,11
4374,11
9489,11
5327,11
10344,11
4987,11
11204,11
11193,11
11155,11
10908,11
2185,11
10012,11
5315,11
8968,11
11159,11
1815,11
8238,11
9665,11
11982,11
153,11
10092,11
7096,11
4773,11
9255,11
8724,11
10192,11
8826,11
2182,11
6179,11
5044,11
10278,11
6423,10
9121,10
6407,10
6631,10
6549,10
8910,10
8305,10
8951,10
5510,10
5722,10
10352,10
7734,10
10486,10
8654,10
8027,10
10465,10
5431,10
584,10
10940,10
11510,10
3443,10
5050,10
8461,10
4257,10
6298,10
265,10
5306,10
7959,10
11870,10
11470,10
6725,10
226,10
9026,10
8311,10
9377,10
11530,10
10871,10
6812,10
6666,10
8116,10
7631,10
5326,10
6726,10
6626,10
6319,10
10543,10
5977,10
8310,10
8494,10
11551,10
8892,10
5447,10
8904,10
7112,10
10727,10
10412,10
7466,10
10335,10
8286,10
4184,10
5189,10
3928,10
10431,10
11782,10
9511,10
6585,10
7990,10
11174,10
10051,10
9719,10
3337,10
6647,10
9958,10
3512,10
9405,10
1738,10
10993,10
2805,10
7722,10
7001,10
8048,10
9884,10
9446,10
9310,10
6212,10
9566,10
7927,10
11126,10
8561,10
8418,10
4118,10
8994,10
8426,10
9852,10
10571,10
5610,10
7915,10
6012,10
8272,10
9494,10
8937,10
7760,10
7757,10
10876,10
4988,10
9082,10
4547,10
11132,10
9014,10
5937,10
6850,10
6918,10
1706,10
10938,10
7547,10
6478,10
9260,10
3381,10
10373,10
10752,10
10130,10
9403,10
6779,10
5757,10
7511,10
7908,10
5199,10
5906,10
8738,10
6693,10
4586,10
10733,10
895,10
10731,10
8175,10
9901,10
10363,10
5895,10
5030,10
1494,10
10622,10
2754,10
5971,10
8018,10
11605,10
9080,10
9966,10
7360,10
9301,10
1731,10
9087,10
6226,10
9493,10
11092,10
11390,10
2538,10
10524,10
5353,10
9854,10
11463,10
11863,10
8194,10
6732,10
11753,10
11460,10
7473,10
11082,10
10651,10
9526,10
5924,10
9967,10
9558,10
194,10
2539,10
11135,10
10872,10
7972,10
7545,10
10839,10
10218,10
10832,10
2632,10
3773,10
9038,10
5192,10
918,10
5448,10
10611,10
11521,10
5960,10
9932,10
4106,10
8601,10
7883,10
5863,10
8271,10
8093,10
7317,10
5638,10
5813,10
8783,10
7765,10
10996,10
6698,10
495,10
7154,10
1112,10
5761,10
7222,10
4939,10
10257,10
5505,10
528,10
3301,10
3656,10
3528,10
10886,10
7696,10
11705,10
3188,10
6411,10
8417,10
7615,10
5363,10
11165,10
11704,10
5362,10
3376,10
5460,10
11828,10
1735,10
9781,10
2212,10
5564,10
9914,10
10017,10
4123,10
9348,10
5317,10
8125,10
10682,10
10496,10
8635,10
9516,10
4695,10
7140,10
6588,10
999,10
3310,10
8520,10
9963,10
1981,10
9913,10
4580,10
2535,10
3712,10
8237,10
11572,10
7554,10
9442,10
7752,10
6845,10
10284,10
3658,10
9842,10
9496,10
9698,10
4078,10
6125,10
4881,10
8332,10
8611,10
6320,10
6817,10
9574,10
5896,10
10165,10
10026,10
7170,10
8485,10
9583,10
6833,10
10599,10
8550,10
9636,10
4666,10
1458,10
8744,10
10121,10
5437,10
6255,10
7160,10
5692,10
9908,10
11518,10
9508,10
8807,10
9514,10
11991,10
9867,10
10254,10
10164,10
8696,10
4275,10
4569,10
4531,10
1086,10
5840,10
9397,10
5555,10
8815,10
5984,10
10857,10
9787,10
11113,10
5949,10
11621,10
6421,10
8876,10
7329,10
5262,10
5034,10
11477,10
7134,10
3872,10
5115,10
5161,10
10820,10
10597,10
4516,10
7208,10
8773,10
4818,10
7938,10
3681,10
9940,10
2512,10
11656,10
9317,10
6798,10
8841,10
5929,10
11481,10
4856,10
8458,10
11958,10
4397,10
4930,10
7832,10
10196,10
1088,10
141,10
10084,10
3947,10
8663,10
10341,10
7737,10
9755,10
7708,10
4866,10
3583,10
5335,10
5027,10
5661,10
4261,10
9722,10
5784,10
10920,10
8489,10
11816,10
8038,10
3130,10
6915,10
1384,10
9790,10
11327,10
9319,10
11546,10
8592,10
3896,10
10450,10
10245,10
6869,10
8547,10
5629,10
9886,10
9723,10
10411,10
10707,10
8988,10
6927,10
3687,10
10083,10
5117,10
6403,10
6574,10
7526,10
10448,10
5122,10
9312,10
4259,10
10421,10
9616,10
9620,10
7888,10
1491,10
10719,10
9070,10
7273,10
1891,10
9529,10
2467,10
9258,10
9785,10
7215,10
6670,10
7454,10
6546,10
3094,10
8413,10
8248,10
7695,10
2195,10
9948,10
9890,10
6572,10
8801,10
6246,10
11512,10
8082,10
11473,10
4155,10
5990,10
5523,10
9325,10
46,10
8462,10
10478,10
11637,10
6236,10
7630,10
8811,10
9738,10
1846,10
5836,10
10202,10
11443,10
8755,10
5852,10
3255,10
7306,10
514,10
9103,10
9049,10
1801,10
8591,10
7389,10
6582,10
11177,10
6862,10
7395,10
7925,10
8518,10
10674,10
11867,10
11164,10
9542,10
3747,10
8308,10
8650,10
9500,10
5983,10
8282,10
4210,10
4853,10
4532,10
5341,10
4722,10
7388,10
9031,10
4782,10
9254,10
5085,10
11527,10
2273,10
2588,10
906,10
11407,10
8691,10
5583,10
1822,10
10696,10
10699,10
9384,10
5213,10
9006,10
8007,10
8821,10
3253,10
6365,10
3466,10
9419,10
8404,10
4238,10
8690,10
10279,10
6070,10
10380,10
11496,9
5015,9
3967,9
8579,9
5779,9
8315,9
9747,9
6948,9
9156,9
4408,9
7168,9
10984,9
4691,9
3347,9
10563,9
10922,9
6082,9
9594,9
636,9
7441,9
4268,9
5771,9
9016,9
11387,9
8883,9
4670,9
11269,9
8522,9
11718,9
4900,9
10132,9
7069,9
8769,9
10150,9
4232,9
4351,9
6470,9
8441,9
1340,9
10502,9
8339,9
6704,9
2197,9
8731,9
9876,9
8938,9
10045,9
8094,9
4518,9
8984,9
8961,9
10644,9
11130,9
8740,9
10819,9
3974,9
533,9
3615,9
7698,9
11590,9
10665,9
11833,9
10809,9
11583,9
9646,9
8767,9
3306,9
10011,9
786,9
9271,9
2871,9
9278,9
11515,9
2836,9
2874,9
8512,9
9044,9
7050,9
1260,9
3623,9
7756,9
10439,9
6149,9
9024,9
10923,9
11183,9
7337,9
11037,9
6587,9
10758,9
8227,9
9592,9
11584,9
8768,9
8081,9
1871,9
9386,9
6794,9
4087,9
11093,9
1695,9
11197,9
6573,9
5959,9
21,9
9211,9
10297,9
9893,9
11585,9
10815,9
10525,9
2082,9
10256,9
6463,9
8874,9
5097,9
8570,9
2965,9
3964,9
3071,9
9035,9
11394,9
7969,9
11955,9
5795,9
4671,9
9960,9
8256,9
5264,9
9104,9
6592,9
8314,9
7225,9
8523,9
8957,9
8683,9
11064,9
3490,9
4628,9
11773,9
9912,9
10416,9
10394,9
8104,9
1521,9
4154,9
8978,9
10503,9
8702,9
11077,9
6138,9
7748,9
9216,9
5033,9
11702,9
10888,9
8010,9
7041,9
9498,9
4169,9
3489,9
8122,9
8887,9
10228,9
8009,9
10784,9
11007,9
11263,9
11392,9
10740,9
11524,9
9539,9
9115,9
7175,9
2188,9
3865,9
10231,9
9779,9
3978,9
3514,9
1345,9
4230,9
9383,9
11185,9
6583,9
5561,9
11260,9
1668,9
10060,9
3382,9
9240,9
5923,9
7047,9
4500,9
10119,9
3320,9
10376,9
11697,9
4798,9
5442,9
3981,9
11596,9
10160,9
3649,9
7296,9
5518,9
9765,9
10368,9
9919,9
6730,9
8192,9
3213,9
10829,9
7584,9
5693,9
3095,9
2799,9
3054,9
7167,9
8076,9
1819,9
7301,9
9544,9
5365,9
1182,9
7869,9
9478,9
5783,9
5399,9
7613,9
2114,9
5398,9
7350,9
6277,9
5401,9
7998,9
9892,9
7100,9
9851,9
3132,9
5356,9
1976,9
6036,9
11413,9
11157,9
11576,9
10224,9
2750,9
8580,9
9029,9
3249,9
4633,9
10389,9
11078,9
11067,9
9032,9
11044,9
8335,9
12031,9
9128,9
10737,9
10273,9
10138,9
9027,9
11539,9
2617,9
2622,9
9531,9
7484,9
10117,9
1413,9
8432,9
10526,9
10768,9
4925,9
3860,9
9983,9
446,9
12010,9
7424,9
5794,9
8700,9
10023,9
8224,9
11452,9
8211,9
10670,9
4338,9
4237,9
5908,9
4995,9
10015,9
10126,9
5516,9
10381,9
5988,9
11049,9
2468,9
11476,9
6858,9
5475,9
1489,9
3158,9
9829,9
9013,9
5647,9
9116,9
8296,9
11101,9
10967,9
5072,9
6703,9
8818,9
9375,9
10578,9
10855,9
7218,9
5216,9
7023,9
11364,9
8202,9
7286,9
6413,9
5417,9
9005,9
4575,9
5094,9
3738,9
9440,9
10589,9
4727,9
8345,9
1756,9
11468,9
4707,9
6235,9
5862,9
3083,9
9775,9
9576,9
8917,9
7029,9
11029,9
5144,9
5930,9
4071,9
9575,9
5573,9
7254,9
11634,9
9326,9
10766,9
923,9
6920,9
9843,9
4824,9
11490,9
6916,9
7064,9
8529,9
2009,9
7471,9
8963,9
11010,9
8919,9
3888,9
9122,9
8353,9
9987,9
9269,9
9810,9
5728,9
9830,9
5092,9
1254,9
598,9
8295,9
10957,9
6260,9
9942,9
5381,9
6603,9
9475,9
11305,9
10655,9
9063,9
10866,9
6046,9
2420,9
4549,9
5933,9
9305,9
8861,9
9929,9
8820,9
3788,9
1227,9
5416,9
7465,9
10471,9
5321,9
10608,9
7368,9
10078,9
5997,9
5233,9
3043,9
6861,9
11211,9
11638,9
6001,9
10508,9
9644,9
6883,9
3041,9
7519,9
7449,9
4065,9
6770,9
4979,9
9956,9
5403,9
10799,9
11097,9
9589,9
6350,9
4303,9
11055,9
8649,9
10585,9
10359,9
10100,9
2508,9
11492,9
10353,9
5324,9
10074,9
1140,9
10859,9
9447,9
11168,9
8410,9
6111,9
8292,9
7904,9
9228,9
5487,9
7210,9
8416,9
4326,9
7390,9
1065,9
1067,9
11050,9
11224,9
1945,9
7464,9
8666,9
10187,9
8542,9
5581,9
11677,9
10470,9
11995,9
6519,9
11788,9
8816,9
5740,9
9072,9
10954,9
6880,9
5467,9
8907,9
1226,9
11098,9
6860,9
5084,9
7578,9
7987,9
8206,9
6249,9
9816,9
10516,9
11363,9
7643,9
7034,9
10620,9
3847,9
7577,9
11360,9
1619,9
8195,9
10220,9
454,9
6266,9
11997,9
5525,9
10604,9
8059,9
10327,9
11457,9
8528,9
6225,9
7383,9
7838,9
6776,9
3561,9
3015,9
10137,9
3154,9
7326,9
7147,9
1001,9
8622,9
4826,9
4452,9
4551,9
8084,9
9068,9
9965,9
10146,9
6633,9
8058,9
6870,9
7833,9
1893,9
2521,9
11672,9
11523,9
11712,9
5636,9
2516,9
10735,9
11831,9
6313,9
8730,9
8412,9
10280,9
9619,9
9474,9
10295,9
6743,9
2982,9
9045,9
7288,9
10505,9
7268,9
8803,9
9808,9
6189,9
11011,9
9568,9
9837,9
3152,9
4474,9
10690,9
6415,9
5497,9
11866,8
4095,8
11017,8
10605,8
6165,8
4780,8
10124,8
8848,8
10010,8
10461,8
10459,8
9136,8
11219,8
9482,8
6282,8
3141,8
4533,8
3951,8
834,8
9468,8
11329,8
9741,8
3321,8
7307,8
10612,8
9937,8
4202,8
7452,8
8443,8
11428,8
11926,8
11150,8
10247,8
10930,8
4667,8
10515,8
6355,8
11944,8
4572,8
8732,8
7451,8
5702,8
3677,8
8668,8
8812,8
5429,8
7490,8
6836,8
9563,8
10072,8
7004,8
4160,8
10897,8
8187,8
10347,8
12005,8
11314,8
10186,8
11953,8
11771,8
9129,8
7087,8
9307,8
4347,8
11107,8
5076,8
4878,8
11335,8
4759,8
4556,8
3542,8
9224,8
8181,8
9229,8
11770,8
2461,8
11158,8
5408,8
11258,8
6493,8
10419,8
1127,8
10955,8
5009,8
9459,8
579,8
4466,8
10142,8
10981,8
4875,8
11280,8
9571,8
4166,8
7562,8
10725,8
1239,8
8676,8
6357,8
11208,8
5697,8
7781,8
9188,8
6575,8
10559,8
5853,8
8334,8
11226,8
8855,8
8537,8
4211,8
8456,8
4317,8
8612,8
10001,8
9021,8
11024,8
10802,8
11068,8
1578,8
3942,8
5476,8
8555,8
104,8
10034,8
10602,8
4753,8
1327,8
9798,8
3604,8
8699,8
10403,8
10162,8
4402,8
3438,8
2767,8
8117,8
7532,8
9579,8
833,8
7561,8
11355,8
4514,8
11670,8
7117,8
7924,8
2769,8
10388,8
6875,8
7127,8
8467,8
2043,8
8228,8
10342,8
11170,8
4105,8
8617,8
7889,8
9123,8
5180,8
6959,8
10745,8
11001,8
9119,8
8207,8
8197,8
7820,8
11557,8
4571,8
6872,8
8506,8
5915,8
10554,8
6808,8
11742,8
11367,8
4092,8
8114,8
6502,8
9680,8
10460,8
8927,8
7858,8
3322,8
9430,8
11479,8
10283,8
7672,8
1890,8
4611,8
11257,8
9360,8
10511,8
10539,8
3641,8
6873,8
9581,8
8414,8
11228,8
11320,8
12037,8
9788,8
9943,8
9491,8
6701,8
4637,8
10504,8
4093,8
10271,8
10199,8
2971,8
3585,8
7852,8
11156,8
6926,8
10533,8
4156,8
6158,8
9694,8
10770,8
6435,8
11434,8
6871,8
9721,8
3282,8
5164,8
7530,8
9532,8
9643,8
9652,8
2582,8
7444,8
9252,8
10910,8
431,8
10532,8
6460,8
11877,8
10960,8
1022,8
9509,8
5433,8
5280,8
5730,8
9725,8
9540,8
11989,8
7988,8
3937,8
8147,8
10600,8
5186,8
10495,8
4207,8
7531,8
6190,8
10081,8
8913,8
695,8
9060,8
9513,8
8804,8
10861,8
9003,8
9425,8
7842,8
10763,8
8517,8
7055,8
5177,8
3235,8
11176,8
5685,8
9316,8
7386,8
5667,8
9608,8
8718,8
7856,8
9944,8
10301,8
5737,8
6316,8
10197,8
8406,8
11535,8
11959,8
10391,8
7601,8
2403,8
8619,8
6909,8
9098,8
11268,8
7576,8
7688,8
10679,8
9057,8
11659,8
9220,8
364,8
1889,8
3853,8
1745,8
8805,8
2473,8
9477,8
7010,8
9061,8
2476,8
8954,8
7992,8
1817,8
8867,8
9353,8
8698,8
10915,8
10047,8
7778,8
5024,8
7189,8
10836,8
11906,8
8163,8
9525,8
5613,8
7101,8
10445,8
1955,8
456,8
7916,8
6312,8
6786,8
7653,8
10354,8
9164,8
11312,8
9042,8
11213,8
6170,8
8126,8
11296,8
9895,8
5524,8
7253,8
3273,8
5236,8
9236,8
10116,8
8067,8
6735,8
9147,8
10568,8
8173,8
6005,8
8265,8
7467,8
7479,8
5093,8
5710,8
10885,8
9219,8
9776,8
6998,8
6056,8
5454,8
9772,8
1479,8
3457,8
7974,8
8857,8
7594,8
10723,8
11379,8
10467,8
2760,8
11087,8
10976,8
8306,8
264,8
10831,8
10796,8
7410,8
7798,8
9461,8
9585,8
10509,8
4424,8
2204,8
9717,8
7911,8
11376,8
11798,8
8284,8
8225,8
10765,8
9549,8
6886,8
10168,8
9460,8
6438,8
9984,8
9716,8
11316,8
8021,8
3785,8
9401,8
6472,8
7910,8
9697,8
10184,8
6931,8
8787,8
9441,8
11855,8
11488,8
7142,8
10484,8
11090,8
8753,8
3346,8
4555,8
3823,8
5918,8
8316,8
3779,8
7716,8
9598,8
8168,8
10325,8
1402,8
6180,8
6889,8
10473,8
8135,8
8680,8
4735,8
11128,8
3122,8
7038,8
8830,8
11922,8
8430,8
5542,8
8641,8
7728,8
7244,8
10581,8
11681,8
11338,8
9848,8
11646,8
10550,8
7204,8
4636,8
6632,8
8277,8
10111,8
4401,8
3408,8
7032,8
4478,8
11201,8
11129,8
7507,8
8575,8
9408,8
10366,8
11247,8
9455,8
9015,8
10438,8
122,8
2894,8
8733,8
5060,8
11057,8
9083,8
7036,8
10437,8
10780,8
10551,8
10004,8
2355,8
5206,8
6084,8
420,8
8428,8
10877,8
11962,8
7070,8
9955,8
4730,8
10621,8
7661,8
19,8
4359,8
5803,8
9452,8
9153,8
11501,8
6480,8
9709,8
9730,8
6418,8
10875,8
6890,8
11131,8
8829,8
3867,8
11695,8
9506,8
10397,8
11543,8
2054,8
3777,8
11752,8
10801,8
9708,8
6941,8
8864,8
11203,8
4542,8
10694,8
5537,8
390,8
9517,8
6724,8
5786,8
11727,8
10523,8
6023,8
9847,8
8473,8
7792,8
6344,8
3633,8
1370,8
11803,8
9335,8
3880,8
2951,8
9346,8
10918,8
9968,8
9822,8
11074,8
2085,8
9538,8
9127,8
8859,8
10317,8
11711,8
11377,8
9406,8
8736,8
11215,8
5281,8
7353,8
5031,8
6039,8
6174,8
9565,8
5642,8
3485,8
4726,8
10291,8
9628,8
5979,8
9488,8
11871,8
6232,8
9207,8
11380,8
11650,8
9603,8
2245,8
2784,8
6331,8
6554,8
9227,8
9969,8
9522,8
9304,8
2419,8
4423,8
6924,8
2272,8
9560,8
11609,8
7604,8
4619,8
9395,8
8257,8
5660,8
3652,8
8655,8
11726,8
8678,8
9627,8
2615,8
6369,8
10370,8
4107,8
7000,8
3699,8
1483,8
11639,8
3001,8
7071,8
391,8
9334,8
5603,8
10307,8
11614,8
7200,8
11930,8
7281,8
10036,8
11820,8
3913,8
3144,8
7143,8
10912,8
5530,8
11568,8
10241,8
3741,8
4370,8
6987,8
11084,8
8817,8
10999,8
11430,8
6887,8
7864,8
5210,8
9856,8
2507,8
499,8
6194,8
7543,8
8439,8
6518,8
9840,8
10369,8
9760,8
10392,8
9248,8
10785,8
5978,8
4403,8
5195,8
10189,8
10007,8
484,8
10573,8
6475,8
6450,8
3058,8
9918,8
10136,8
7436,7
5169,7
3614,7
6659,7
6668,7
11560,7
10287,7
8749,7
9759,7
6699,7
6188,7
11830,7
12035,7
10290,7
6965,7
11811,7
2584,7
6187,7
11311,7
9270,7
7685,7
11542,7
11288,7
9503,7
6963,7
6419,7
8509,7
9234,7
9986,7
11034,7
9010,7
8725,7
10805,7
3626,7
8986,7
9257,7
11304,7
5428,7
11267,7
10249,7
6144,7
10507,7
9277,7
10294,7
7194,7
11035,7
5139,7
5157,7
11032,7
8962,7
6966,7
4353,7
7719,7
8503,7
5128,7
7482,7
3891,7
6161,7
278,7
8214,7
4410,7
11529,7
2818,7
9480,7
5133,7
7709,7
10029,7
7937,7
8757,7
8981,7
1794,7
7180,7
9499,7
2311,7
5134,7
9999,7
11265,7
809,7
11056,7
1055,7
9990,7
10025,7
7971,7
8240,7
8751,7
7443,7
4629,7
3601,7
4393,7
12033,7
10261,7
7691,7
11528,7
11561,7
11026,7
9002,7
7966,7
6414,7
9752,7
11306,7
4646,7
11309,7
7693,7
7176,7
9742,7
5129,7
11282,7
2595,7
9780,7
10795,7
10288,7
8990,7
11039,7
3334,7
10756,7
4373,7
9226,7
11552,7
9247,7
6439,7
9998,7
9505,7
10542,7
10028,7
5427,7
5938,7
11272,7
4903,7
4608,7
10240,7
8720,7
10276,7
11819,7
9239,7
11277,7
10253,7
4660,7
6951,7
8754,7
10277,7
7440,7
7953,7
11799,7
9750,7
11786,7
10260,7
10803,7
11520,7
10008,7
10267,7
9250,7
11299,7
10800,7
4910,7
8496,7
11289,7
9729,7
10242,7
9992,7
10793,7
11317,7
6175,7
7690,7
7683,7
8198,7
10791,7
9235,7
9994,7
8705,7
7702,7
5382,7
3125,7
8741,7
3099,7
4654,7
11814,7
10787,7
3351,7
11270,7
8992,7
6429,7
10546,7
11008,7
1027,7
10754,7
2596,7
8060,7
9671,7
7152,7
11733,7
11437,7
7801,7
11647,7
10331,7
11491,7
10587,7
10843,7
7921,7
9611,7
10964,7
7844,7
7033,7
12003,7
10879,7
11220,7
9379,7
2958,7
6058,7
11615,7
5330,7
5241,7
5976,7
10590,7
10846,7
5617,7
5849,7
7256,7
9172,7
9567,7
7768,7
5361,7
10329,7
10841,7
8843,7
7263,7
3933,7
5982,7
9429,7
10658,7
10109,7
10402,7
7846,7
7290,7
4595,7
3236,7
1122,7
8865,7
8918,7
1378,7
6789,7
7777,7
6310,7
10364,7
8341,7
10598,7
6752,7
10900,7
3705,7
9205,7
5219,7
6360,7
7802,7
1702,7
5796,7
3982,7
5755,7
5843,7
7128,7
1120,7
6131,7
10455,7
9597,7
9572,7
12020,7
6821,7
10718,7
1168,7
2912,7
10378,7
11359,7
8853,7
893,7
10225,7
3212,7
9130,7
686,7
5235,7
9418,7
9897,7
11912,7
3412,7
9674,7
8569,7
11688,7
11723,7
3316,7
9865,7
11432,7
8313,7
3247,7
9296,7
11103,7
9898,7
1661,7
10457,7
4327,7
11094,7
7886,7
9047,7
2734,7
11606,7
2532,7
246,7
11232,7
10154,7
10071,7
10833,7
10483,7
6095,7
4950,7
9457,7
9930,7
3300,7
7822,7
9647,7
6234,7
11722,7
11385,7
6903,7
9336,7
2730,7
1422,7
6527,7
10361,7
8176,7
6825,7
10671,7
4520,7
11902,7
2279,7
11436,7
3022,7
10409,7
910,7
10834,7
7885,7
11248,7
7509,7
11744,7
10322,7
5607,7
6228,7
11346,7
6604,7
2548,7
3245,7
11433,7
11858,7
12017,7
5973,7
7671,7
9888,7
8675,7
476,7
11625,7
10476,7
7535,7
8856,7
10143,7
8553,7
11934,7
11678,7
11241,7
11112,7
9065,7
8304,7
3436,7
10398,7
11894,7
6296,7
5745,7
5847,7
11216,7
11161,7
6007,7
12009,7
6638,7
9936,7
4497,7
2706,7
9964,7
7784,7
11484,7
11414,7
2284,7
9073,7
5521,7
10345,7
8055,7
8425,7
10648,7
11929,7
11889,7
5489,7
5016,7
11115,7
4308,7
2201,7
10195,7
9939,7
11152,7
9107,7
10898,7
6515,7
7573,7
5234,7
3560,7
5268,7
9683,7
10899,7
10643,7
11730,7
9077,7
5491,7
10717,7
1394,7
4075,7
7131,7
5228,7
2263,7
8823,7
6553,7
3695,7
10399,7
11676,7
6252,7
7835,7
4205,7
9872,7
4585,7
3955,7
11921,7
3989,7
7793,7
11729,7
10390,7
7641,7
8545,7
5357,7
11431,7
11175,7
11242,7
10919,7
3302,7
751,7
4768,7
6608,7
6636,7
8614,7
10710,7
3702,7
6124,7
6501,7
1697,7
7269,7
3491,7
10099,7
8912,7
9894,7
10401,7
7385,7
8032,7
8288,7
10337,7
7570,7
7377,7
8871,7
8615,7
6267,7
5222,7
7271,7
8436,7
1380,7
7527,7
10219,7
11735,7
11746,7
9699,7
5493,7
8291,7
5776,7
10205,7
9961,7
7580,7
11674,7
5615,7
10351,7
11162,7
7662,7
4765,7
5103,7
11123,7
6288,7
11119,7
10867,7
11757,7
8562,7
11671,7
4258,7
4842,7
8926,7
9331,7
10148,7
9450,7
11106,7
11941,7
11378,7
11734,7
6637,7
10917,7
10211,7
9380,7
11874,7
5282,7
11173,7
9124,7
10610,7
10713,7
8825,7
11756,7
11006,7
10701,7
4828,7
10214,7
9149,7
9018,7
697,7
8637,7
8514,7
10684,7
10306,7
4165,7
8922,7
10299,7
6074,7
11660,7
8258,7
11714,7
10887,7
11072,7
7609,7
7620,7
2947,7
5304,7
7494,7
7928,7
9466,7
9530,7
11840,7
8582,7
6347,7
8835,7
6877,7
11725,7
4041,7
10238,7
8071,7
5183,7
11340,7
9293,7
7626,7
9102,7
9139,7
2432,7
1153,7
8371,7
3784,7
8270,7
330,7
10624,7
5884,7
1481,7
5323,7
10828,7
10572,7
6218,7
7755,7
8958,7
8581,7
9165,7
10895,7
12027,7
9664,7
7815,7
5951,7
11341,7
9148,7
7355,7
734,7
10239,7
7349,7
11588,7
10564,7
8923,7
3038,7
8064,7
5002,7
7051,7
7746,7
10637,7
11000,7
2239,7
9275,7
3904,7
7808,7
8697,7
11456,7
1343,7
7364,7
7879,7
10043,7
2369,7
4348,7
10171,7
9915,7
9659,7
9028,7
2753,7
7812,7
1344,7
7132,7
10115,7
10944,7
6854,7
9607,7
2115,7
10169,7
1156,7
2237,7
11483,7
11769,7
11710,7
10983,7
5118,7
7137,7
4416,7
9606,7
8895,7
5504,7
9350,7
6328,7
11202,7
10937,7
9412,7
10213,7
7485,7
11393,7
2690,7
11835,7
10949,7
6398,7
7997,7
8507,7
9356,7
11398,7
11482,7
9210,7
11448,7
8667,7
9933,7
3211,7
4296,7
7548,7
10191,7
6780,7
10697,7
11071,7
10469,7
9547,7
5453,7
10423,7
4228,7
8647,7
6268,7
8276,7
10837,7
9653,7
11401,7
5197,7
11447,7
5176,7
9212,7
3899,7
12026,7
9358,7
10958,7
3643,7
11719,7
8375,7
6089,7
10113,7
11386,7
2686,7
7857,7
6907,7
10826,7
6848,7
3557,7
9556,7
10952,7
4476,7
4559,7
10583,7
5620,7
8920,7
10619,7
8585,7
11701,7
8628,7
11607,7
4530,7
1967,7
8017,7
9161,7
10440,7
3761,7
9090,7
849,7
3778,7
9141,7
10068,7
11188,7
10580,7
8533,7
9203,7
11836,7
10932,7
5825,7
11465,7
9864,7
11604,7
9557,7
5041,7
8631,7
5574,7
8776,7
8370,7
3642,7
8836,7
8932,7
6906,7
9791,7
2636,7
10552,7
6223,7
11004,7
3454,7
10721,7
9601,7
10312,7
5559,7
693,7
9433,7
3764,7
11648,7
9422,7
9800,7
3275,7
6849,7
9166,7
6337,7
3207,7
7817,7
5857,7
5455,7
11854,7
10968,7
6581,7
10046,7
10302,7
10433,7
438,7
11002,7
6652,7
5370,7
9703,7
11582,7
2639,7
5882,7
11598,7
11086,7
11233,7
11983,7
10417,7
12029,7
8505,7
10673,7
389,7
11342,7
9678,7
9801,7
3508,7
8323,6
6618,6
6020,6
6428,6
10716,6
8593,6
11907,6
11276,6
9435,6
7965,6
10778,6
11408,6
7045,6
3220,6
11302,6
11790,6
11229,6
11665,6
11741,6
5526,6
7636,6
9691,6
11153,6
7899,6
9487,6
4381,6
4315,6
8156,6
9253,6
9859,6
10638,6
4387,6
11406,6
6434,6
8486,6
7821,6
10894,6
6878,6
4745,6
10382,6
2524,6
11146,6
11791,6
10020,6
3214,6
11658,6
9764,6
7715,6
11663,6
11915,6
2592,6
11914,6
6285,6
11279,6
7567,6
7714,6
7311,6
11812,6
11993,6
10633,6
10200,6
8584,6
4319,6
8328,6
10635,6
8842,6
10788,6
6025,6
9354,6
11023,6
6110,6
1423,6
7384,6
9485,6
9946,6
9178,6
5008,6
9868,6
9690,6
9612,6
11739,6
3551,6
4385,6
4873,6
10647,6
8411,6
10714,6
9110,6
8670,6
3731,6
11022,6
10893,6
11802,6
10903,6
11815,6
8998,6
9945,6
11047,6
9689,6
8671,6
5848,6
5599,6
8996,6
11992,6
11669,6
2443,6
9766,6
6409,6
2593,6
11144,6
11916,6
10975,6
8719,6
11924,6
3984,6
10971,6
11807,6
9873,6
5576,6
10928,6
8625,6
8369,6
22,6
5558,6
7625,6
10771,6
10190,6
1459,6
534,6
11446,6
11027,6
7088,6
691,6
11214,6
8210,6
11471,6
9423,6
10959,6
8909,6
696,6
10512,6
10685,6
7370,6
11442,6
11724,6
9677,6
8977,6
6934,6
7605,6
9138,6
11536,6
6325,6
6857,6
4529,6
9910,6
11469,6
10677,6
11538,6
10762,6
11720,6
7340,6
9131,6
11178,6
8459,6
8142,6
9642,6
7341,6
10667,6
7373,6
9641,6
6939,6
11787,6
9899,6
10933,6
9483,6
8979,6
9142,6
10935,6
4528,6
8374,6
10953,6
11209,6
10258,6
11274,6
11444,6
7346,6
2070,6
6420,6
11957,6
11721,6
11018,6
11453,6
8381,6
10129,6
11028,6
8131,6
4033,6
11717,6
11461,6
11205,6
8900,6
6851,6
11706,6
10262,6
10176,6
6416,6
11963,6
11707,6
9409,6
7366,6
10436,6
10692,6
9146,6
3269,6
4034,6
10263,6
8384,6
7873,6
7617,6
10689,6
11207,6
9158,6
10951,6
4544,6
6929,6
9925,6
11972,6
11284,6
10945,6
9921,6
8386,6
11793,6
9151,6
10513,6
6840,6
7699,6
11541,6
6679,6
11455,6
7097,6
7876,6
11281,6
11285,6
8396,6
11537,6
11964,6
11708,6
3000,6
8464,6
11966,6
10691,6
10425,6
11030,6
7870,6
2759,6
6846,6
8889,6
8633,6
10680,6
11459,6
8127,6
11715,6
11449,6
9400,6
7103,6
9144,6
2246,6
8361,6
11979,6
10698,6
8603,6
2206,6
11931,6
2517,6
7199,6
9424,6
7325,6
11801,6
10248,6
9881,6
11928,6
7951,6
5902,6
11985,6
5846,6
7895,6
10650,6
11033,6
6102,6
10705,6
6864,6
8969,6
11222,6
11478,6
11685,6
10265,6
8713,6
7331,6
10760,6
9687,6
4382,6
10661,6
8092,6
10449,6
6687,6
10904,6
8151,6
11531,6
9170,6
665,6
9682,6
11731,6
9372,6
6811,6
8712,6
9363,6
11410,6
9938,6
11154,6
10642,6
6868,6
11667,6
9618,6
7453,6
2968,6
9373,6
8657,6
4760,6
9736,6
11417,6
10905,6
6559,6
4510,6
10649,6
11472,6
11166,6
11728,6
9681,6
3540,6
9241,6
3995,6
9374,6
11800,6
5283,6
11684,6
11550,6
2513,6
6938,6
9133,6
3096,6
11180,6
270,6
11949,6
9900,6
10452,6
9388,6
11181,6
10925,6
11804,6
8405,6
6571,6
2768,6
3240,6
7850,6
11940,6
5837,6
9640,6
10921,6
8872,6
3609,6
4813,6
11466,6
11438,6
10926,6
8367,6
11978,6
9931,6
3499,6
5544,6
6925,6
7081,6
6157,6
10251,6
11938,6
9635,6
11937,6
10014,6
7591,6
2074,6
5286,6
10913,6
11942,6
7840,6
11686,6
9686,6
10782,6
10406,6
8097,6
11687,6
8870,6
5798,6
7847,6
1445,6
11427,6
8222,6
6820,6
10527,6
10783,6
9993,6
3239,6
5028,6
9502,6
1549,6
8146,6
11784,6
8662,6
10145,6
11936,6
9767,6
9370,6
10883,6
11505,6
7769,6
10847,6
11766,6
11573,6
1779,6
4440,6
8026,6
11829,6
4082,6
9309,6
7680,6
6746,6
601,6
11249,6
10332,6
10076,6
11869,6
9268,6
11102,6
11865,6
862,6
10075,6
11610,6
11354,6
11562,6
10330,6
1374,6
7517,6
10497,6
8281,6
12023,6
3932,6
10073,6
9817,6
5471,6
4849,6
10840,6
9456,6
7003,6
10601,6
2905,6
9815,6
5457,6
11063,6
8535,6
10582,6
11319,6
5968,6
9814,6
7729,6
11351,6
7157,6
11095,6
1873,6
11783,6
9813,6
11860,6
7506,6
4340,6
8502,6
9552,6
5975,6
10845,6
4186,6
6962,6
11014,6
11859,6
10835,6
10323,6
1877,6
8023,6
7766,6
11856,6
7986,6
10037,6
9297,6
9713,6
12016,6
4614,6
11009,6
11109,6
3169,6
11885,6
8233,6
10217,6
11264,6
9324,6
4332,6
2820,6
1895,6
9827,6
11618,6
11362,6
11243,6
9059,6
11048,6
6958,6
11755,6
7525,6
10348,6
10860,6
5871,6
10606,6
5993,6
8040,6
11886,6
9000,6
11630,6
7528,6
11374,6
9256,6
11372,6
10350,6
11887,6
11375,6
4968,6
9705,6
11817,6
11628,6
5220,6
5868,6
10474,6
4960,6
5874,6
7923,6
3119,6
11777,6
1634,6
6386,6
5932,6
11252,6
3569,6
8235,6
11876,6
4963,6
10852,6
5875,6
8178,6
1376,6
11307,6
11509,6
10339,6
613,6
8290,6
5991,6
7782,6
8449,6
5479,6
1381,6
11498,6
10080,6
10997,6
9707,6
3173,6
11361,6
11105,6
9056,6
8800,6
4454,6
10738,6
11861,6
7412,6
10049,6
10488,6
11591,6
9030,6
10823,6
11058,6
6721,6
10567,6
10311,6
9267,6
5173,6
9797,6
6910,6
11525,6
7234,6
11826,6
11256,6
10308,6
7935,6
3907,6
6452,6
6655,6
513,6
9281,6
9025,6
11571,6
10304,6
10489,6
1092,6
4934,6
3837,6
4862,6
10561,6
11513,6
9976,6
8775,6
10822,6
10566,6
3638,6
8003,6
9284,6
11514,6
11577,6
8189,6
11321,6
10553,6
6207,6
8452,6
10746,6
9534,6
3839,6
1338,6
8196,6
8766,6
6713,6
10235,6
10303,6
4152,6
9784,6
9017,6
832,6
9786,6
8190,6
8772,6
576,6
10557,6
2815,6
10810,6
11013,6
11069,6
6974,6
5436,6
11259,6
3135,6
11325,6
10555,6
2817,6
8708,6
9266,6
8006,6
3318,6
11774,6
4940,6
11083,6
9724,6
9980,6
4428,6
5967,6
10236,6
7758,6
10492,6
11336,6
11569,6
10824,6
1868,6
5371,6
11825,6
11516,6
9989,6
9290,6
10545,6
11339,6
1331,6
11762,6
11271,6
10059,6
10227,6
11318,6
5425,6
11594,6
6913,6
5196,6
10058,6
3663,6
8710,6
11261,6
9802,6
5452,6
9546,6
5891,6
11081,6
7674,6
8447,6
7499,6
1352,6
7673,6
9726,6
9221,6
11842,6
4345,6
10750,6
11597,6
8703,6
8965,6
10547,6
11843,6
5113,6
11587,6
6981,6
11519,6
841,6
5942,6
9550,6
10313,6
5627,6
10544,6
2890,6
9733,6
10318,6
11599,6
11780,6
6986,6
12028,6
10061,6
9805,6
11852,6
7754,6
5451,6
10751,6
6447,6
8179,6
6511,6
4101,6
5927,6
8941,6
11021,6
10275,6
1396,6
11308,6
4331,6
4838,6
6531,6
11898,6
6122,6
10864,6
4388,6
7541,6
11120,6
4073,6
2343,6
5751,6
11642,6
8054,6
11489,6
7292,6
2599,6
6261,6
10874,6
8571,6
10865,6
10609,6
8560,6
3624,6
11908,6
490,6
11652,6
10726,6
10868,6
8679,6
7282,6
9093,6
11140,6
9845,6
11533,6
995,6
4464,6
6513,6
7435,6
8822,6
11127,6
11244,6
9846,6
11895,6
10372,6
7718,6
1763,6
10215,6
8567,6
10618,6
11891,6
10375,6
10285,6
10108,6
10786,6
9953,6
2936,6
3197,6
10209,6
6119,6
8568,6
10541,6
11522,6
11298,6
3448,6
9343,6
6186,6
11134,6
6629,6
10979,6
11900,6
6777,6
9086,6
9342,6
10110,6
7141,6
11778,6
11903,6
11810,6
5125,6
11645,6
12000,6
7807,6
11745,6
10098,6
11899,6
6635,6
4725,6
7655,6
9075,6
11643,6
12002,6
11565,6
5749,6
8052,6
7461,6
6015,6
9762,6
6523,6
6118,6
2822,6
8167,6
10464,6
9081,6
11234,6
10616,6
10530,6
7654,6
5160,6
9749,6
11235,6
1761,6
2823,6
9218,6
6510,6
10980,6
11626,6
11136,6
11142,6
3819,6
10252,6
9445,6
7407,6
5673,6
9710,6
11567,6
1645,6
8047,6
3950,6
10856,6
5249,6
10630,6
6888,6
4137,6
8577,6
10734,6
8936,6
9067,6
10880,6
5158,6
9007,6
11880,6
10985,6
11553,6
7650,6
7020,6
6410,6
9701,6
2797,6
9351,6
8832,6
8162,6
2056,6
7976,6
10090,6
3437,6
11297,6
11369,6
9088,6
3821,6
10281,6
4578,6
11125,6
10212,6
10216,6
11143,6
9094,6
6765,6
12032,6
5380,6
6529,6
6952,6
8576,6
11493,6
7814,6
11627,6
8422,6
6791,6
9704,6
11237,6
10357,6
9199,6
11749,6
7559,6
10243,6
10089,6
1785,5
9700,5
6882,5
6879,5
11980,5
7433,5
2046,5
6599,5
9981,5
11738,5
8460,5
4808,5
9185,5
10748,5
9439,5
11796,5
5651,5
11020,5
11974,5
6885,5
7881,5
7896,5
9995,5
2552,5
7932,5
4603,5
11998,5
8398,5
11540,5
9213,5
12034,5
6373,5
10183,5
10207,5
12036,5
10203,5
10703,5
5640,5
11994,5
11772,5
10208,5
10947,5
12001,5
9465,5
11768,5
9191,5
10432,5
6852,5
4627,5
11797,5
12024,5
7392,5
4805,5
8399,5
6146,5
9977,5
9208,5
12006,5
11480,5
10946,5
12025,5
10500,5
5340,5
11495,5
10744,5
8423,5
2783,5
9732,5
11781,5
9666,5
8934,5
11968,5
7621,5
4104,5
8935,5
9997,5
3548,5
10434,5
8440,5
11969,5
10234,5
11012,5
9978,5
10757,5
11789,5
11981,5
11737,5
7367,5
9688,5
2248,5
11775,5
8716,5
6855,5
11236,5
7391,5
11212,5
7161,5
9696,5
8409,5
10233,5
11262,5
9492,5
8453,5
5859,5
12030,5
10747,5
11970,5
4874,5
11748,5
6930,5
9727,5
6921,5
7187,5
11713,5
9471,5
9215,5
1736,5
11507,5
10702,5
11759,5
7124,5
11988,5
11218,5
9941,5
11764,5
8686,5
7666,5
5352,5
7401,5
10962,5
6898,5
10706,5
10711,5
10194,5
11503,5
6865,5
2288,5
3333,5
8973,5
7431,5
12021,5
11987,5
11765,5
7380,5
4336,5
10487,5
9453,5
7944,5
6354,5
10742,5
3591,5
4083,5
11500,5
10708,5
11767,5
11511,5
9462,5
11986,5
9685,5
11255,5
11779,5
9206,5
8950,5
12012,5
7950,5
6897,5
11732,5
2283,5
4592,5
11223,5
5328,5
11486,5
7411,5
10451,5
10193,5
8682,5
11984,5
7638,5
12014,5
10475,5
6127,5
11990,5
10499,5
11497,5
12008,5
11240,5
7430,5
6894,5
11776,5
4822,5
11217,5
11785,5
7942,5
10728,5
4311,5
6126,5
11273,5
11758,5
11499,5
11754,5
10761,5
10741,5
7633,5
12015,5
7637,5
4868,5
10222,5
11475,5
10198,5
10454,5
5101,5
11502,5
9426,5
2775,5
10990,5
10963,5
6613,5
11246,5
12011,5
5612,5
11016,5
10966,5
10998,5
5105,5
9684,5
1488,5
10510,5
11977,5
6132,5
12019,5
10978,5
7686,5
11266,5
11487,5
9182,5
8905,5
523,5
12039,5
8715,5
11251,5
9202,5
11464,5
9187,5
10739,5
11976,5
2295,5
7396,5
10246,5
5839,5
9734,5
1498,5
9416,5
5860,5
9954,5
3851,5
11230,5
11005,5
8966,5
11015,5
10749,5
6395,5
6133,5
10441,5
8415,5
10994,5
10462,5
12018,5
7119,5
11999,5
7425,5
10466,5
3331,5
10722,5
11743,5
11506,5
8434,5
4109,5
8182,5
4876,5
11278,5
10972,5
9163,5
11275,5
6391,5
10204,5
11534,5
11526,5
10481,5
8429,5
11485,5
11761,5
12022,5
11019,5
8970,5
7941,5
7146,5
10709,5
9463,5
12038,5
5099,5
9991,5
10498,5
9437,5
7926,5
1269,5
8394,5
10443,5
10250,5
6605,5
8906,5
9162,5
5900,5
11467,5
11760,5
8940,5
10989,5
11740,5
11245,5
8975,5
7659,5
6912,5
11504,5
7158,5
8395,5
11996,5
4599,5
6134,5
3554,5
11580,5
11462,5
8808,5
11368,5
9263,5
8809,5
11566,5
11881,5
11822,5
9320,5
8232,5
4718,5
620,5
6191,5
11054,5
4462,5
10095,5
9839,5
1643,5
10862,5
10094,5
11631,5
9582,5
2923,5
2667,5
11624,5
9833,5
9768,5
11823,5
10356,5
11893,5
11381,5
7027,5
10613,5
8564,5
5672,5
7721,5
11882,5
7276,5
5928,5
10603,5
9323,5
11370,5
10030,5
11114,5
10858,5
8299,5
10346,5
11883,5
9834,5
11371,5
10607,5
8042,5
6953,5
11110,5
10592,5
11873,5
11617,5
10849,5
10593,5
11051,5
9831,5
11878,5
5729,5
11622,5
10854,5
7982,5
11563,5
11879,5
9770,5
11623,5
1582,5
9318,5
4704,5
10343,5
10282,5
11620,5
11104,5
7270,5
11884,5
2918,5
1836,5
3885,5
2092,5
45,5
11629,5
11373,5
11117,5
6251,5
5477,5
9315,5
6756,5
11616,5
10594,5
11875,5
9826,5
11619,5
10851,5
8546,5
102,5
5735,5
9825,5
11872,5
8565,5
9333,5
6528,5
9593,5
3711,5
7805,5
9850,5
3199,5
11555,5
8062,5
10105,5
5759,5
3708,5
11896,5
11640,5
11043,5
6526,5
10360,5
8063,5
10104,5
4389,5
11897,5
11641,5
7039,5
10873,5
10617,5
10106,5
3198,5
9599,5
10884,5
6272,5
11911,5
11655,5
549,5
11040,5
11206,5
9605,5
9349,5
11396,5
8837,5
3364,5
2177,5
8325,5
11808,5
9761,5
4227,5
11909,5
5762,5
11653,5
7555,5
3201,5
6787,5
8312,5
11554,5
11636,5
10096,5
3447,5
11635,5
6773,5
10540,5
2423,5
11888,5
11632,5
9329,5
11052,5
3957,5
11633,5
8819,5
884,5
11121,5
1907,5
11382,5
5931,5
11383,5
9078,5
10615,5
6257,5
11892,5
3703,5
11122,5
8831,5
4650,5
10878,5
3707,5
1658,5
5496,5
11391,5
10019,5
1831,5
11644,5
8492,5
11388,5
11901,5
9587,5
11389,5
9004,5
1144,5
11133,5
9084,5
8572,5
3958,5
1655,5
11890,5
3625,5
10538,5
2656,5
8549,5
5188,5
9795,5
11586,5
1095,5
8771,5
10818,5
10050,5
5700,5
6453,5
7493,5
7237,5
11331,5
8780,5
11075,5
4916,5
11315,5
5172,5
11328,5
10816,5
11841,5
9792,5
11827,5
5684,5
5957,5
11085,5
836,5
11337,5
1869,5
11848,5
9545,5
11313,5
1101,5
9289,5
9520,5
8777,5
11849,5
11593,5
9288,5
5687,5
4686,5
7240,5
10830,5
10574,5
11343,5
6217,5
7498,5
9265,5
5706,5
9548,5
9280,5
6215,5
8035,5
10044,5
5948,5
11579,5
11323,5
10041,5
11581,5
11832,5
3388,5
9273,5
11837,5
5946,5
7231,5
11578,5
10300,5
11838,5
10556,5
7480,5
9279,5
11070,5
11839,5
9022,5
8510,5
11324,5
6715,5
11834,5
9799,5
11079,5
11846,5
1347,5
11334,5
6976,5
8519,5
10054,5
5952,5
11847,5
7489,5
1090,5
8774,5
8516,5
10053,5
11844,5
11332,5
4675,5
1591,5
3905,5
11845,5
11589,5
10821,5
8252,5
8014,5
6477,5
10827,5
10292,5
8798,5
6745,5
90,5
11868,5
11612,5
11356,5
9053,5
11100,5
10588,5
8285,5
11613,5
9311,5
7515,5
6747,5
10804,5
7764,5
9555,5
11060,5
8275,5
10066,5
11603,5
9554,5
8799,5
11353,5
8752,5
5468,5
10794,5
11365,5
10853,5
6755,5
4706,5
5981,5
7772,5
3118,5
10586,5
4189,5
11818,5
10328,5
11611,5
11099,5
10027,5
7980,5
3886,5
11864,5
11608,5
11352,5
11096,5
10584,5
11347,5
9298,5
3632,5
11574,5
6994,5
10324,5
10806,5
3665,5
5458,5
11349,5
6995,5
11062,5
9803,5
11850,5
9527,5
10065,5
9291,5
847,5
6988,5
9783,5
10570,5
8267,5
1614,5
11851,5
10289,5
6455,5
1105,5
11348,5
5459,5
6192,5
9809,5
9553,5
4951,5
11088,5
11857,5
11601,5
11345,5
11089,5
2645,5
8758,5
11862,5
5713,5
2898,5
10838,5
10326,5
10070,5
9302,5
5200,5
8790,5
8278,5
10069,5
10374,5
8066,5
2084,5
8216,5
4524,5
8618,5
536,5
8362,5
3756,5
7598,5
3500,5
9385,5
7086,5
8873,5
11945,5
9896,5
5550,5
11293,5
3501,5
11549,5
8616,5
8360,5
11805,5
10159,5
11950,5
11694,5
10158,5
6829,5
2991,5
8220,5
8108,5
11700,5
8629,5
10676,5
5810,5
7603,5
11445,5
5298,5
9140,5
2737,5
4274,5
5805,5
11435,5
11946,5
7596,5
11690,5
11794,5
7700,5
6828,5
10410,5
10003,5
11947,5
11691,5
11951,5
11439,5
8878,5
5025,5
6565,5
10659,5
8610,5
8354,5
6055,5
11680,5
3611,5
6566,5
11425,5
10151,5
2586,5
11171,5
11943,5
5792,5
11038,5
8583,5
10149,5
7330,5
9125,5
11806,5
11172,5
8869,5
2727,5
9634,5
10415,5
11693,5
11948,5
11692,5
11036,5
8989,5
10924,5
2728,5
10156,5
8107,5
5802,5
11548,5
10669,5
11683,5
10413,5
6315,5
1959,5
10147,5
9891,5
11682,5
11426,5
167,5
8355,5
11939,5
3863,5
11956,5
6067,5
9656,5
11451,5
10774,5
11195,5
10939,5
8378,5
7184,5
11192,5
8377,5
11961,5
9495,5
9751,5
9658,5
7952,5
10681,5
8208,5
8120,5
5817,5
10686,5
8121,5
10769,5
6072,5
11967,5
7357,5
10518,5
11025,5
1473,5
8903,5
10005,5
4801,5
8391,5
11975,5
9926,5
9414,5
7361,5
9669,5
11716,5
9157,5
10426,5
8901,5
11287,5
2496,5
11973,5
9924,5
11450,5
3006,5
8215,5
11194,5
8379,5
9662,5
11199,5
5652,5
10167,5
1557,5
11696,5
5655,5
9393,5
11440,5
11184,5
5911,5
9648,5
11441,5
4372,5
1715,5
11952,5
9655,5
9399,5
1203,5
11283,5
10678,5
10422,5
11703,5
9654,5
9398,5
11795,5
11792,5
11187,5
698,5
10941,5
6841,5
3093,5
10687,5
8638,5
4283,5
11965,5
11709,5
5910,5
9660,5
8209,5
8636,5
9394,5
9907,5
11954,5
4375,5
11698,5
5301,5
11186,5
4631,5
1718,5
9906,5
11699,5
10404,5
2049,5
5538,5
11412,5
8079,5
1932,5
11913,5
11556,5
11657,5
11145,5
10889,5
4494,5
10021,5
9871,5
7816,5
9615,5
11662,5
7560,5
8847,5
6689,5
11919,5
9870,5
11151,5
8846,5
11303,5
10639,5
7457,5
11300,5
7054,5
11400,5
6803,5
4642,5
10789,5
11925,5
5522,5
10521,5
7315,5
3105,5
9108,5
8852,5
11301,5
10645,5
11147,5
8340,5
6291,5
10123,5
11813,5
11402,5
5005,5
10890,5
8587,5
10122,5
11403,5
6537,5
10125,5
11559,5
11649,5
11395,5
11139,5
6533,5
10627,5
10371,5
9857,5
11904,5
9089,5
10112,5
11905,5
9600,5
7813,5
9344,5
11137,5
10881,5
3714,5
5414,5
11809,5
11654,5
10016,5
9095,5
8839,5
11651,5
7456,5
7713,5
5514,5
11404,5
9101,5
11148,5
10892,5
10636,5
10022,5
6176,5
11917,5
11661,5
8231,5
11405,5
10626,5
10534,5
11149,5
9100,5
10790,5
8068,5
2850,5
7556,5
9091,5
11138,5
10882,5
3216,5
11045,5
9365,5
11932,5
10654,5
8351,5
11935,5
11679,5
11544,5
11423,5
11167,5
9118,5
8862,5
3612,5
9629,5
9631,5
11420,5
9117,5
921,5
10652,5
10396,5
11933,5
3472,5
8860,5
11666,5
5013,5
4761,5
6430,5
10386,5
3640,5
7075,5
4770,5
7836,5
3486,5
5150,5
9882,5
11545,5
11675,5
9626,5
11419,5
11163,5
9624,5
9625,5
11416,5
9113,5
3869,5
11160,5
3997,5
7839,5
5534,5
11673,5
10520,5
6804,5
11421,5
11923,5
5270,5
6807,5
10641,5
9242,5
8080,5
9879,5
5777,5
11290,5
7312,5
9111,5
10902,5
8599,5
10646,5
6544,5
2194,5
11927,5
9878,5
9622,5
914,5
7057,5
11668,5
4386,5
11409,5
10385,5
10387,5
7574,5
10640,5
11547,5
11920,5
10384,5
5012,5
11664,5
8087,5
8475,5
11411,5
7319,5
6684,5
11291,5
8849,5
10662,4
5513,4
10472,4
7497,4
4635,4
8470,4
6075,4
5114,4
10950,4
12007,4
10693,4
6530,4
8548,4
9824,4
9823,4
6900,4
9604,4
8297,4
12013,4
11824,4
10107,4
9735,4
10032,4
5443,4
5424,4
10663,4
